,state,district,delta7.vaccinated1,delta7.vaccinated2,meta.population,total.vaccinated1,total.vaccinated2,delta.vaccinated2,delta.vaccinated1,delta21_14.confirmed,delta7.confirmed,delta7.recovered,total.confirmed,total.deceased,total.recovered,delta.confirmed,delta.recovered,meta.tested.date,total.tested
0,AN,Nicobars,62.0,811.0,36842.0,25394.0,20313.0,,,,,,,,,,,,
1,AN,North and Middle Andaman,90.0,1839.0,105597.0,78945.0,59522.0,8.0,,,,,,,,,,,
2,AN,South Andaman,732.0,8012.0,238142.0,189662.0,120322.0,28.0,3.0,,,,,,,,,,
3,AN,Unknown,,,,,,,,9.0,3.0,5.0,7651.0,129.0,7518.0,,,,
4,AP,Anantapur,92803.0,140903.0,4083315.0,2690082.0,1611476.0,5370.0,4575.0,50.0,38.0,58.0,157843.0,1093.0,156699.0,4.0,5.0,2020-11-26,787085.0
5,AP,Chittoor,63824.0,119541.0,4170468.0,2832987.0,1807873.0,1306.0,878.0,631.0,516.0,629.0,246935.0,1947.0,244144.0,64.0,87.0,2020-11-26,780322.0
6,AP,East Godavari,36973.0,223236.0,5151549.0,3532220.0,1990578.0,237.0,41.0,401.0,604.0,520.0,293836.0,1290.0,291610.0,87.0,121.0,2020-11-26,944746.0
7,AP,Foreign Evacuees,,,,,,,,,,,434.0,,434.0,,,,
8,AP,Guntur,285377.0,156818.0,4889230.0,3440118.0,1891773.0,1248.0,1119.0,509.0,272.0,619.0,178068.0,1237.0,176629.0,33.0,198.0,2020-11-26,833823.0
9,AP,Krishna,75352.0,230788.0,4529009.0,2971604.0,1914927.0,337.0,51.0,405.0,422.0,467.0,119348.0,1430.0,117130.0,46.0,71.0,2020-11-26,782232.0
10,AP,Kurnool,178620.0,73119.0,4046601.0,2672759.0,1290419.0,1538.0,4716.0,31.0,25.0,26.0,124142.0,853.0,123264.0,6.0,3.0,2020-11-26,867361.0
11,AP,Other State,,,,,,,,,,,2461.0,,2461.0,,,,
12,AP,Prakasam,137338.0,130213.0,3392764.0,2321031.0,1521177.0,5872.0,3292.0,243.0,103.0,290.0,138482.0,1124.0,136989.0,6.0,37.0,2020-11-26,697340.0
13,AP,S.P.S. Nellore,96973.0,114393.0,2966082.0,2143402.0,1403240.0,1639.0,2724.0,283.0,155.0,235.0,146388.0,1053.0,144919.0,34.0,23.0,2020-11-26,682964.0
14,AP,Srikakulam,18883.0,129575.0,2699471.0,1630248.0,974734.0,6.0,2.0,47.0,132.0,72.0,123109.0,786.0,122136.0,19.0,20.0,2020-11-26,670899.0
15,AP,Visakhapatnam,65301.0,207340.0,4288113.0,2999432.0,1864960.0,2311.0,1309.0,273.0,237.0,227.0,157737.0,1127.0,156492.0,27.0,30.0,2020-11-26,744983.0
16,AP,Vizianagaram,44847.0,123576.0,2342868.0,1393491.0,996097.0,1855.0,601.0,30.0,53.0,38.0,82967.0,672.0,82231.0,7.0,11.0,2020-11-26,531433.0
17,AP,West Godavari,61021.0,146562.0,3934782.0,2525317.0,1778807.0,1884.0,878.0,171.0,234.0,246.0,179077.0,1117.0,177680.0,40.0,44.0,2020-11-26,793098.0
18,AP,Y.S.R. Kadapa,65843.0,90958.0,2884524.0,1824032.0,1328711.0,1101.0,1005.0,146.0,82.0,163.0,115623.0,644.0,114904.0,12.0,25.0,2020-11-26,671761.0
19,AR,Anjaw,45.0,452.0,21089.0,11695.0,7957.0,,,,,,1068.0,3.0,1065.0,,,2021-01-28,2845.0
20,AR,Capital Complex,,,,,,,,,,,,,,,,2020-12-24,115210.0
21,AR,Changlang,298.0,3803.0,147951.0,88857.0,55361.0,,,,3.0,3.0,3807.0,22.0,3780.0,,1.0,2021-01-28,23861.0
22,AR,East Kameng,76.0,409.0,78413.0,22931.0,15646.0,1.0,,,,,1094.0,,1094.0,,,2021-01-28,7489.0
23,AR,East Siang,365.0,2013.0,99019.0,54001.0,39434.0,,,2.0,9.0,10.0,3206.0,17.0,3183.0,,5.0,2021-01-28,21867.0
24,AR,Kamle,36.0,185.0,22256.0,6946.0,3874.0,,,,,,512.0,,512.0,,,2021-01-28,1385.0
25,AR,Kra Daadi,5.0,23.0,,6275.0,3272.0,,,,,,270.0,,270.0,,,2021-01-28,3218.0
26,AR,Kurung Kumey,27.0,255.0,89717.0,9121.0,5601.0,,,,,,511.0,1.0,510.0,,,2021-01-28,4201.0
27,AR,Lepa Rada,40.0,307.0,,13328.0,10176.0,54.0,6.0,,,1.0,874.0,3.0,871.0,,,2021-01-28,6747.0
28,AR,Lohit,221.0,1494.0,145538.0,31120.0,22003.0,,,2.0,9.0,3.0,2885.0,26.0,2851.0,,,2021-01-28,14945.0
29,AR,Longding,46.0,356.0,60000.0,19259.0,7826.0,,,,1.0,,752.0,2.0,749.0,,,2021-01-28,10342.0
30,AR,Lower Dibang Valley,171.0,931.0,53986.0,32639.0,22089.0,1.0,19.0,6.0,14.0,3.0,2426.0,11.0,2397.0,,,2021-01-28,12169.0
31,AR,Lower Siang,37.0,317.0,80597.0,16565.0,9990.0,,,,,,738.0,8.0,730.0,,,2021-01-28,7070.0
32,AR,Lower Subansiri,85.0,767.0,82839.0,26916.0,18827.0,36.0,2.0,7.0,5.0,2.0,3036.0,15.0,3015.0,,,2021-01-28,10564.0
33,AR,Namsai,209.0,2436.0,95950.0,63539.0,47104.0,,,8.0,4.0,16.0,2124.0,17.0,2102.0,,,2021-01-28,19987.0
34,AR,Pakke Kessang,25.0,262.0,,8004.0,4998.0,14.0,,1.0,,,453.0,,453.0,,,2021-01-28,3327.0
35,AR,Papum Pare,1055.0,3799.0,176385.0,141168.0,100258.0,,,22.0,7.0,12.0,18316.0,98.0,18212.0,1.0,1.0,2021-01-28,41960.0
36,AR,Shi Yomi,2.0,153.0,13310.0,6910.0,5663.0,,,3.0,1.0,10.0,262.0,,261.0,,,2021-01-28,2169.0
37,AR,Siang,40.0,197.0,31920.0,14408.0,9068.0,,,,,,411.0,3.0,408.0,,,2021-01-28,4270.0
38,AR,Tawang,91.0,759.0,49950.0,29553.0,23287.0,,,12.0,12.0,8.0,2577.0,20.0,2533.0,,,2021-01-28,14224.0
39,AR,Tirap,35.0,631.0,111997.0,31565.0,21200.0,,,,,2.0,1109.0,5.0,1102.0,,,2021-01-28,14657.0
40,AR,Upper Dibang Valley,3.0,11.0,7948.0,4156.0,2603.0,,,1.0,,1.0,337.0,2.0,335.0,,,2021-01-28,1910.0
41,AR,Upper Siang,38.0,411.0,35289.0,18594.0,13671.0,,,2.0,,2.0,1016.0,1.0,1015.0,,,2021-01-28,6564.0
42,AR,Upper Subansiri,93.0,1122.0,83205.0,24842.0,16390.0,,,,,,1958.0,6.0,1952.0,,,2021-01-28,6217.0
43,AR,West Kameng,206.0,1914.0,87013.0,55710.0,40321.0,89.0,15.0,17.0,1.0,21.0,3545.0,14.0,3518.0,,7.0,2021-01-28,28155.0
44,AR,West Siang,63.0,640.0,112272.0,33773.0,27867.0,,,4.0,,3.0,1868.0,6.0,1856.0,,-5.0,2021-01-28,13192.0
45,AS,Baksa,2992.0,15169.0,953773.0,553967.0,136574.0,172.0,39.0,,,,,,,,,,
46,AS,Barpeta,10495.0,48544.0,1693190.0,1095048.0,448006.0,1035.0,369.0,,,,,,,,,,
47,AS,Biswanath,5661.0,35727.0,612491.0,456088.0,213437.0,1655.0,507.0,,,,,,,,,,
48,AS,Bongaigaon,2784.0,18356.0,732639.0,493242.0,183782.0,1287.0,85.0,,,,,,,,,,
49,AS,Cachar,26826.0,21591.0,1736319.0,1101266.0,402535.0,966.0,2149.0,,,,,,,,,,
50,AS,Charaideo,1853.0,16868.0,,309125.0,111219.0,26.0,3.0,,,,,,,,,,
51,AS,Chirang,2488.0,9573.0,481818.0,288696.0,102397.0,89.0,22.0,,,,,,,,,,
52,AS,Darrang,17453.0,21800.0,908090.0,596783.0,183724.0,270.0,365.0,,,,,,,,,,
53,AS,Dhemaji,3423.0,15318.0,688077.0,431792.0,184251.0,47.0,55.0,,,,,,,,,,
54,AS,Dhubri,12450.0,25644.0,1948632.0,945264.0,229696.0,1906.0,1042.0,,,,,,,,,,
55,AS,Dibrugarh,8869.0,38695.0,1327748.0,914640.0,430800.0,4007.0,699.0,,,,,,,,,2021-02-01,301657.0
56,AS,Dima Hasao,2532.0,3737.0,213529.0,116318.0,62593.0,59.0,160.0,,,,,,,,,,
57,AS,Goalpara,4013.0,30725.0,1008959.0,662016.0,195521.0,81.0,47.0,,,,,,,,,,
58,AS,Golaghat,6525.0,51417.0,1058674.0,711564.0,306745.0,2676.0,504.0,,,,,,,,,,
59,AS,Hailakandi,1724.0,11247.0,659260.0,422295.0,146888.0,705.0,88.0,,,,,,,,,,
60,AS,Hojai,6217.0,36724.0,931218.0,602504.0,274035.0,2979.0,512.0,,,,,,,,,,
61,AS,Jorhat,3383.0,39677.0,1091295.0,649267.0,297724.0,2154.0,225.0,,,,,,,,,,
62,AS,Kamrup,10451.0,45828.0,1517202.0,1079092.0,409628.0,253.0,231.0,,,,,,,,,,
63,AS,Kamrup Metropolitan,6625.0,38155.0,1260419.0,1246239.0,875897.0,1713.0,359.0,,,,,,,,,,
64,AS,Karbi Anglong,13744.0,12778.0,965280.0,284600.0,102798.0,280.0,342.0,,,,,,,,,,
65,AS,Karimganj,5088.0,20659.0,1217002.0,681216.0,203575.0,1382.0,331.0,,,,,,,,,,
66,AS,Kokrajhar,3935.0,19711.0,886999.0,538901.0,156488.0,823.0,162.0,,,,,,,,,,
67,AS,Lakhimpur,5870.0,42164.0,1040644.0,681386.0,301369.0,1555.0,148.0,,,,,,,,,,
68,AS,Majuli,1524.0,7176.0,167304.0,117599.0,82507.0,166.0,36.0,,,,,,,,,,
69,AS,Morigaon,5298.0,27861.0,957853.0,592446.0,212146.0,482.0,264.0,,,,,,,,,,
70,AS,Nagaon,16396.0,36734.0,2826006.0,1203831.0,448081.0,1481.0,758.0,,,,,,,,,,
71,AS,Nalbari,6785.0,25411.0,769919.0,483076.0,168392.0,1492.0,388.0,,,,,,,,,,
72,AS,Sivasagar,1946.0,23104.0,1150253.0,478954.0,223921.0,714.0,46.0,,,,,,,,,,
73,AS,Sonitpur,8341.0,48290.0,1925975.0,767841.0,434213.0,2664.0,448.0,,,,,,,,,,
74,AS,South Salmara Mankachar,1978.0,15304.0,555114.0,239906.0,76599.0,1288.0,260.0,,,,,,,,,,
75,AS,Tinsukia,45002.0,22410.0,1316948.0,795057.0,286170.0,1679.0,6637.0,,,,,,,,,,
76,AS,Udalguri,17371.0,19343.0,832769.0,504439.0,133919.0,1396.0,1935.0,,,,,,,,,2020-09-16,24661.0
77,AS,Unknown,,,,,,,,1499.0,2056.0,2215.0,610645.0,5997.0,600974.0,212.0,236.0,,
78,AS,West Karbi Anglong,4593.0,4186.0,300320.0,127612.0,42942.0,147.0,312.0,,,,,,,,,,
79,BR,Araria,51331.0,69085.0,2806200.0,1177154.0,395227.0,3067.0,5177.0,,2.0,,14978.0,116.0,14859.0,,,2020-10-03,219221.0
80,BR,Arwal,4059.0,17125.0,700843.0,345175.0,116424.0,1360.0,262.0,,,,7381.0,74.0,7307.0,,,2021-01-31,101624.0
81,BR,Aurangabad,25561.0,56431.0,2511243.0,1132482.0,407913.0,2657.0,1264.0,,,,20011.0,75.0,19936.0,,,2021-01-31,412007.0
82,BR,Banka,24239.0,34077.0,2029339.0,935177.0,351254.0,3138.0,2635.0,,,,7379.0,112.0,7267.0,,,2021-01-31,364776.0
83,BR,Begusarai,33903.0,65735.0,2954367.0,1430906.0,480982.0,2774.0,1906.0,8.0,2.0,7.0,27212.0,457.0,26754.0,,1.0,2020-09-26,213670.0
84,BR,Bhagalpur,49875.0,78088.0,3032226.0,1494951.0,650332.0,3458.0,2122.0,1.0,1.0,1.0,25840.0,309.0,25531.0,,1.0,2021-01-31,582113.0
85,BR,Bhojpur,31626.0,53006.0,2720155.0,1291186.0,382719.0,4879.0,3232.0,,,,10210.0,159.0,10051.0,,,2021-01-31,466438.0
86,BR,Buxar,14794.0,38792.0,1707643.0,907374.0,322555.0,2516.0,1083.0,,,,9248.0,182.0,9066.0,,,2021-01-31,461428.0
87,BR,Darbhanga,39165.0,82276.0,3921971.0,1869372.0,741553.0,5306.0,2858.0,,,1.0,10937.0,370.0,10567.0,,,2021-01-11,448442.0
88,BR,East Champaran,29316.0,84760.0,5082868.0,2498559.0,1002939.0,8014.0,2434.0,1.0,2.0,,19017.0,430.0,18585.0,,,2020-11-03,548132.0
89,BR,Gaya,72504.0,82490.0,4379383.0,1925234.0,722746.0,1689.0,1708.0,1.0,,1.0,33952.0,280.0,33672.0,,,2021-01-31,872359.0
90,BR,Gopalganj,31750.0,70093.0,2558037.0,1286763.0,481968.0,8468.0,5308.0,,,1.0,16685.0,94.0,16591.0,,,2021-01-31,562654.0
91,BR,Jamui,24440.0,24005.0,1756078.0,800488.0,222093.0,1416.0,1435.0,,,1.0,9418.0,106.0,9312.0,,,2021-01-31,342005.0
92,BR,Jehanabad,12986.0,27200.0,1124176.0,498448.0,184446.0,1617.0,498.0,,,,10783.0,109.0,10674.0,,,2021-01-31,492255.0
93,BR,Kaimur,19996.0,28681.0,1626900.0,801438.0,225437.0,2183.0,1067.0,,,,4984.0,147.0,4837.0,,,2021-01-31,442332.0
94,BR,Katihar,53448.0,75733.0,3068149.0,1451838.0,403046.0,2966.0,2680.0,,,1.0,18145.0,94.0,18051.0,,,2021-01-31,556438.0
95,BR,Khagaria,15402.0,32372.0,1657599.0,775019.0,222012.0,2118.0,881.0,,,,10064.0,88.0,9976.0,,,2020-10-04,148340.0
96,BR,Kishanganj,24597.0,25592.0,1690948.0,757066.0,205274.0,1445.0,1997.0,,4.0,2.0,10128.0,66.0,10057.0,3.0,1.0,2021-01-31,294321.0
97,BR,Lakhisarai,8894.0,16437.0,1000717.0,461970.0,138407.0,1005.0,595.0,,,,7776.0,102.0,7674.0,,,2021-01-31,332434.0
98,BR,Madhepura,28832.0,43563.0,1994618.0,965767.0,260408.0,4459.0,2700.0,1.0,1.0,,12547.0,111.0,12435.0,,,2021-01-31,455482.0
99,BR,Madhubani,28535.0,69785.0,4476044.0,1974159.0,680214.0,6686.0,2735.0,,3.0,,18365.0,339.0,18023.0,2.0,,2021-01-31,715168.0
100,BR,Munger,7445.0,33005.0,1359054.0,707588.0,264665.0,2867.0,851.0,1.0,,1.0,15111.0,158.0,14953.0,,,2021-01-31,325212.0
101,BR,Muzaffarpur,40686.0,80513.0,4778610.0,2253919.0,717015.0,7023.0,3545.0,,,1.0,31398.0,621.0,30777.0,,,2021-01-31,722651.0
102,BR,Nalanda,36716.0,66091.0,2872523.0,1393762.0,638181.0,1826.0,2168.0,,,,23432.0,468.0,22964.0,,,2021-01-31,591346.0
103,BR,Nawada,46619.0,35295.0,2216653.0,1062349.0,274319.0,4338.0,4176.0,,1.0,,10353.0,178.0,10174.0,,,2020-11-16,322514.0
104,BR,Patna,35436.0,159875.0,5772804.0,3421614.0,2366474.0,2024.0,737.0,14.0,14.0,8.0,147007.0,2334.0,144651.0,2.0,3.0,2021-01-31,676238.0
105,BR,Purnia,61212.0,74531.0,3273127.0,1603099.0,729224.0,1959.0,2821.0,,,,24427.0,180.0,24247.0,,,2021-01-05,568756.0
106,BR,Rohtas,40918.0,59698.0,2962593.0,1498172.0,465660.0,4149.0,4911.0,,2.0,,13980.0,271.0,13707.0,,,2021-01-31,521553.0
107,BR,Saharsa,106392.0,80718.0,1897102.0,995618.0,366567.0,18126.0,28493.0,,,,17616.0,134.0,17482.0,,,2021-01-31,356327.0
108,BR,Samastipur,48167.0,64119.0,4254782.0,1991102.0,555728.0,5157.0,3216.0,1.0,2.0,2.0,20020.0,155.0,19864.0,1.0,1.0,2021-01-31,614569.0
109,BR,Saran,41734.0,82407.0,3943098.0,1868014.0,736766.0,6693.0,4149.0,,5.0,2.0,23278.0,255.0,23020.0,,2.0,2021-01-31,761473.0
110,BR,Sheikhpura,4942.0,10739.0,634927.0,287209.0,95322.0,788.0,345.0,,,,7693.0,75.0,7618.0,,,2021-01-31,142348.0
111,BR,Sheohar,2946.0,7111.0,656916.0,300967.0,108766.0,1629.0,666.0,,,2.0,4404.0,36.0,4368.0,,,2020-11-16,199431.0
112,BR,Sitamarhi,43474.0,60677.0,3419622.0,1511464.0,424182.0,5476.0,3873.0,1.0,,,9185.0,127.0,9058.0,,,2021-01-31,453227.0
113,BR,Siwan,18385.0,69069.0,3318176.0,1670590.0,684755.0,4030.0,1163.0,,,,15195.0,170.0,15025.0,,,2021-01-31,536438.0
114,BR,Supaul,35486.0,71754.0,2228397.0,1069993.0,369925.0,5131.0,3029.0,1.0,,,17222.0,129.0,17093.0,,,2021-01-31,456511.0
115,BR,Vaishali,45426.0,59038.0,3495021.0,1671469.0,478638.0,2621.0,1522.0,,1.0,,19827.0,192.0,19632.0,,,2021-01-31,275884.0
116,BR,West Champaran,42709.0,52019.0,3935042.0,1784016.0,469332.0,6316.0,7525.0,,,,20890.0,358.0,20532.0,,,2021-01-31,551778.0
117,CH,Chandigarh,3680.0,21641.0,1055450.0,926035.0,546981.0,1282.0,211.0,23.0,28.0,20.0,65351.0,820.0,64495.0,5.0,3.0,2021-10-31,792851.0
118,CT,Balod,5983.0,9451.0,826165.0,537459.0,271570.0,762.0,523.0,3.0,2.0,1.0,27278.0,396.0,26880.0,,,2020-06-14,2749.0
119,CT,Baloda Bazar,25353.0,17419.0,1305343.0,617777.0,211945.0,605.0,953.0,1.0,,3.0,43085.0,471.0,42611.0,,1.0,2020-06-14,3816.0
120,CT,Balrampur,21912.0,17709.0,598855.0,305554.0,112777.0,725.0,1654.0,,,,20302.0,118.0,20182.0,,,2020-09-20,21481.0
121,CT,Bametara,14367.0,7690.0,197035.0,405388.0,132925.0,25.0,25.0,1.0,1.0,,19963.0,236.0,19726.0,1.0,,2020-06-14,3113.0
122,CT,Bastar,10696.0,9616.0,1302253.0,443759.0,178775.0,129.0,82.0,,24.0,2.0,21066.0,188.0,20845.0,2.0,2.0,2020-05-23,4522.0
123,CT,Bijapur,1251.0,913.0,229832.0,103247.0,44245.0,56.0,47.0,6.0,5.0,3.0,8324.0,55.0,8263.0,3.0,1.0,2020-06-14,1239.0
124,CT,Bilaspur,18318.0,50320.0,1961922.0,1031494.0,525066.0,9113.0,2404.0,12.0,17.0,8.0,65681.0,1210.0,64448.0,1.0,3.0,2020-06-14,9823.0
125,CT,Dakshin Bastar Dantewada,2225.0,5410.0,533638.0,158243.0,80855.0,1299.0,143.0,4.0,6.0,2.0,10840.0,25.0,10809.0,1.0,,2020-06-14,1168.0
126,CT,Dhamtari,6188.0,7319.0,799199.0,509782.0,224591.0,18.0,1.0,2.0,2.0,2.0,27239.0,545.0,26690.0,,2.0,2020-06-14,1501.0
127,CT,Durg,17012.0,22719.0,3343079.0,1012391.0,525445.0,908.0,468.0,19.0,26.0,18.0,96880.0,1798.0,95028.0,4.0,6.0,2020-06-14,5020.0
128,CT,Gariaband,9982.0,5872.0,597653.0,293987.0,99137.0,153.0,440.0,,1.0,,19701.0,194.0,19506.0,,,2020-06-14,2096.0
129,CT,Gaurela Pendra Marwahi,4045.0,4587.0,,189474.0,79788.0,297.0,257.0,,1.0,,12011.0,146.0,11864.0,1.0,,2020-06-14,273.0
130,CT,Janjgir Champa,45568.0,30991.0,1620632.0,896087.0,317605.0,1341.0,1722.0,9.0,19.0,8.0,57636.0,838.0,56766.0,2.0,4.0,2020-06-14,4016.0
131,CT,Jashpur,10933.0,13098.0,852043.0,435884.0,182747.0,383.0,187.0,6.0,10.0,6.0,27093.0,212.0,26867.0,,3.0,2020-06-14,2542.0
132,CT,Kabeerdham,17511.0,17876.0,584667.0,402362.0,173494.0,1288.0,1128.0,,1.0,,22771.0,267.0,22503.0,,,2020-06-14,2829.0
133,CT,Kondagaon,8359.0,7999.0,578326.0,317695.0,100468.0,184.0,243.0,2.0,4.0,1.0,13139.0,99.0,13036.0,,,2020-06-14,1607.0
134,CT,Korba,24033.0,24911.0,1206563.0,650457.0,287588.0,1126.0,1086.0,13.0,23.0,11.0,54847.0,580.0,54228.0,5.0,2.0,2020-06-14,10034.0
135,CT,Koriya,15621.0,5751.0,659039.0,375503.0,128177.0,346.0,2370.0,1.0,6.0,,26980.0,177.0,26798.0,,,2020-06-14,2689.0
136,CT,Mahasamund,4416.0,72466.0,1032275.0,738333.0,428365.0,6309.0,159.0,2.0,,1.0,31365.0,365.0,31000.0,,,2020-06-14,2183.0
137,CT,Mungeli,15254.0,12880.0,701707.0,282508.0,109857.0,981.0,1330.0,2.0,1.0,2.0,23921.0,167.0,23753.0,,,2020-06-14,2922.0
138,CT,Narayanpur,3057.0,1858.0,140206.0,53032.0,19468.0,903.0,1075.0,1.0,,1.0,4019.0,14.0,4005.0,,,2020-06-14,804.0
139,CT,Other State,,,,,,,,3.0,4.0,3.0,805.0,131.0,666.0,1.0,,,
140,CT,Raigarh,5114.0,122838.0,1493627.0,1074306.0,967326.0,6265.0,752.0,10.0,8.0,8.0,62590.0,978.0,61597.0,2.0,4.0,2020-06-14,5084.0
141,CT,Raipur,10441.0,40794.0,4062160.0,1557999.0,915437.0,3193.0,789.0,15.0,33.0,15.0,158035.0,3139.0,154852.0,9.0,3.0,2020-06-14,12704.0
142,CT,Rajnandgaon,15753.0,25270.0,1537520.0,1028876.0,530711.0,650.0,596.0,2.0,5.0,3.0,56077.0,515.0,55557.0,,,2020-11-09,124947.0
143,CT,Sukma,3208.0,5401.0,249000.0,134654.0,81437.0,77.0,140.0,3.0,1.0,4.0,8066.0,20.0,8041.0,,1.0,2020-06-14,1723.0
144,CT,Surajpur,13506.0,13873.0,660280.0,419247.0,163526.0,322.0,442.0,1.0,,,29029.0,224.0,28805.0,,,2020-06-14,1830.0
145,CT,Surguja,29827.0,33226.0,420661.0,468885.0,277031.0,1834.0,1831.0,2.0,2.0,,33673.0,245.0,33426.0,,,2020-11-18,103578.0
146,CT,Uttar Bastar Kanker,17930.0,14621.0,748593.0,405744.0,171484.0,645.0,995.0,4.0,3.0,1.0,23636.0,224.0,23407.0,,,2020-06-14,2051.0
147,DL,Delhi,160323.0,269146.0,19814000.0,13055636.0,7425404.0,11839.0,12482.0,195.0,267.0,239.0,1439870.0,25091.0,1414431.0,45.0,46.0,2021-10-31,29427753.0
148,DN,Dadra and Nagar Haveli,870.0,6759.0,343709.0,387772.0,183553.0,18.0,3.0,2.0,,,5920.0,3.0,5910.0,,,2020-10-20,44813.0
149,DN,Daman,1880.0,6793.0,191173.0,234202.0,155547.0,,,2.0,,2.0,3543.0,1.0,3516.0,,1.0,2020-10-20,19338.0
150,DN,Diu,52.0,690.0,52074.0,38779.0,31153.0,,,,,,1218.0,,1218.0,,,2020-10-20,8259.0
151,GA,North Goa,4007.0,23958.0,817761.0,600586.0,424066.0,5967.0,1070.0,,,,,,,,,,
152,GA,South Goa,4401.0,22504.0,639962.0,661972.0,487016.0,6405.0,1492.0,,,,,,,,,,
153,GA,Unknown,,,,,,,,409.0,222.0,409.0,178108.0,3364.0,174392.0,23.0,53.0,,
154,GJ,Ahmedabad,47316.0,169891.0,7208200.0,5961594.0,3439921.0,11394.0,1765.0,29.0,22.0,14.0,238334.0,3411.0,234889.0,4.0,2.0,2021-02-02,2556492.0
155,GJ,Amreli,5473.0,39398.0,1513614.0,927389.0,551970.0,3792.0,399.0,,,,10810.0,102.0,10708.0,,,2021-02-02,212265.0
156,GJ,Anand,33012.0,46764.0,2090276.0,1471865.0,935893.0,2866.0,4876.0,,6.0,1.0,9637.0,49.0,9581.0,,,2021-02-02,171851.0
157,GJ,Aravalli,1439.0,32201.0,1051746.0,717964.0,522361.0,106.0,2.0,,,,5186.0,78.0,5108.0,,,2021-02-02,122182.0
158,GJ,Banaskantha,16080.0,82985.0,3116045.0,2140492.0,1157901.0,3521.0,390.0,,,,13631.0,162.0,13469.0,,,2021-02-02,218527.0
159,GJ,Bharuch,21270.0,45926.0,1550822.0,1217587.0,669742.0,2936.0,1539.0,,,,11426.0,118.0,11308.0,,,2021-02-02,156057.0
160,GJ,Bhavnagar,19467.0,81374.0,2877961.0,1680398.0,986097.0,1470.0,359.0,3.0,1.0,,21447.0,301.0,21143.0,1.0,,2021-02-02,392834.0
161,GJ,Botad,929.0,14235.0,656005.0,378232.0,228691.0,235.0,13.0,,,,2218.0,42.0,2176.0,,,2021-02-02,98559.0
162,GJ,Chhota Udaipur,699.0,19920.0,1071831.0,635695.0,420157.0,818.0,4.0,,,,3395.0,38.0,3357.0,,,2021-02-02,93838.0
163,GJ,Dahod,626.0,53547.0,2126558.0,1499052.0,631818.0,1930.0,8.0,,,,9955.0,38.0,9917.0,,,2021-02-02,218259.0
164,GJ,Dang,4140.0,3726.0,226769.0,156334.0,59262.0,1.0,2.0,-2.0,,,866.0,18.0,848.0,,,2021-02-02,31921.0
165,GJ,Devbhumi Dwarka,4666.0,24924.0,752484.0,504501.0,309771.0,373.0,315.0,,,,4175.0,82.0,4093.0,,,2021-02-02,80424.0
166,GJ,Gandhinagar,5475.0,36333.0,1387478.0,1175562.0,706208.0,367.0,69.0,-1.0,,,20754.0,205.0,20549.0,,,2021-02-02,292598.0
167,GJ,Gir Somnath,8524.0,15341.0,1217477.0,845224.0,363467.0,15.0,912.0,3.0,2.0,2.0,8570.0,67.0,8499.0,,,2021-02-02,121948.0
168,GJ,Jamnagar,9406.0,37158.0,2159130.0,1111813.0,653950.0,1366.0,367.0,1.0,5.0,3.0,34978.0,478.0,34494.0,,1.0,2021-02-02,307911.0
169,GJ,Junagadh,2660.0,71531.0,2742291.0,1316479.0,733025.0,1232.0,62.0,13.0,6.0,2.0,20505.0,272.0,20226.0,2.0,,2021-02-02,199699.0
170,GJ,Kheda,11668.0,73838.0,2298934.0,1454344.0,893742.0,2105.0,124.0,3.0,,1.0,10439.0,48.0,10391.0,,,2021-02-02,218140.0
171,GJ,Kutch,8920.0,49662.0,2090313.0,1412923.0,680232.0,351.0,15.0,4.0,5.0,1.0,12631.0,145.0,12474.0,,,2021-02-02,267060.0
172,GJ,Mahisagar,62.0,16517.0,994624.0,815594.0,459520.0,929.0,1.0,,,,8194.0,72.0,8122.0,,,2021-02-02,122796.0
173,GJ,Mehsana,7523.0,48550.0,2027727.0,1405786.0,869969.0,723.0,71.0,,,1.0,24419.0,177.0,24242.0,,,2021-02-02,229904.0
174,GJ,Morbi,9950.0,20297.0,960329.0,674000.0,308840.0,118.0,31.0,,,,6502.0,87.0,6415.0,,,2021-02-02,157321.0
175,GJ,Narmada,546.0,13890.0,590379.0,413260.0,279684.0,12.0,2.0,2.0,,2.0,5955.0,15.0,5940.0,,,2021-02-02,76134.0
176,GJ,Navsari,1852.0,29095.0,1330711.0,948673.0,647484.0,2009.0,62.0,11.0,5.0,13.0,7215.0,24.0,7181.0,,1.0,2021-02-02,129099.0
177,GJ,Other State,,,,,,,,,,,162.0,3.0,159.0,,,2020-06-27,108.0
178,GJ,Panchmahal,7294.0,44832.0,2388267.0,1105110.0,626003.0,1246.0,80.0,,,,11770.0,70.0,11700.0,,,2021-02-02,160981.0
179,GJ,Patan,3369.0,37745.0,1342746.0,850462.0,533438.0,259.0,20.0,,,,11624.0,129.0,11495.0,,,2021-02-02,169059.0
180,GJ,Porbandar,1140.0,13063.0,586062.0,419364.0,256377.0,1062.0,48.0,,,,3486.0,19.0,3467.0,,,2021-02-02,97912.0
181,GJ,Rajkot,17510.0,53546.0,3157676.0,2227111.0,1255012.0,153.0,43.0,2.0,7.0,7.0,57976.0,725.0,57243.0,,7.0,2021-02-02,731251.0
182,GJ,Sabarkantha,4232.0,45789.0,2427346.0,1000517.0,596705.0,1181.0,66.0,,1.0,,9317.0,157.0,9159.0,,,2021-02-02,182090.0
183,GJ,Surat,35083.0,115694.0,4996391.0,4781894.0,2529712.0,7090.0,2525.0,38.0,38.0,30.0,143874.0,1956.0,141885.0,4.0,4.0,2021-02-02,1938229.0
184,GJ,Surendranagar,18641.0,79795.0,1755873.0,1113845.0,715931.0,647.0,51.0,,,,8121.0,136.0,7985.0,,,2021-02-02,201153.0
185,GJ,Tapi,3010.0,23409.0,806489.0,527345.0,303297.0,111.0,14.0,-1.0,,,4441.0,24.0,4417.0,,,2021-02-02,92524.0
186,GJ,Vadodara,16527.0,182027.0,3639775.0,2612578.0,1940514.0,12194.0,437.0,16.0,36.0,14.0,78159.0,788.0,77335.0,6.0,2.0,2021-02-02,695670.0
187,GJ,Valsad,6616.0,36430.0,1703068.0,1232139.0,704675.0,46.0,84.0,28.0,25.0,25.0,6405.0,53.0,6308.0,3.0,6.0,2021-02-02,155380.0
188,HP,Bilaspur,695.0,15071.0,382056.0,323204.0,234916.0,329.0,6.0,78.0,133.0,77.0,14374.0,85.0,14120.0,11.0,12.0,2020-12-19,39738.0
189,HP,Chamba,1439.0,18796.0,518844.0,364258.0,198146.0,1749.0,146.0,8.0,27.0,13.0,13687.0,160.0,13492.0,,2.0,2020-12-19,53505.0
190,HP,Hamirpur,713.0,26076.0,454293.0,377332.0,269143.0,32.0,,177.0,288.0,228.0,17379.0,287.0,16741.0,11.0,50.0,2020-12-19,46407.0
191,HP,Kangra,2399.0,39940.0,1507223.0,1182563.0,725754.0,23.0,2.0,310.0,657.0,454.0,50818.0,1125.0,48872.0,40.0,108.0,2020-12-19,94910.0
192,HP,Kinnaur,95.0,517.0,84298.0,79673.0,63209.0,,,4.0,2.0,6.0,3507.0,38.0,3465.0,,1.0,2020-12-19,6730.0
193,HP,Kullu,889.0,9323.0,437474.0,351261.0,203549.0,,,17.0,19.0,18.0,9692.0,158.0,9496.0,,3.0,2020-09-29,12012.0
194,HP,Lahaul and Spiti,30.0,412.0,31528.0,31920.0,20986.0,,,1.0,,,2953.0,18.0,2935.0,,,2020-10-31,540.0
195,HP,Mandi,1156.0,26214.0,999518.0,775242.0,479355.0,2275.0,99.0,165.0,140.0,141.0,31606.0,448.0,30983.0,4.0,5.0,2020-12-19,41895.0
196,HP,Shimla,2224.0,37351.0,813384.0,678341.0,412640.0,1688.0,20.0,72.0,100.0,66.0,27549.0,641.0,26786.0,4.0,9.0,2020-12-19,32922.0
197,HP,Sirmaur,1388.0,22247.0,530164.0,423793.0,209631.0,1185.0,52.0,,1.0,,15456.0,211.0,15244.0,,,2020-12-19,42564.0
198,HP,Solan,1393.0,21242.0,576670.0,691163.0,339630.0,493.0,33.0,25.0,25.0,27.0,22817.0,314.0,22472.0,4.0,2.0,2020-12-19,57200.0
199,HP,Una,824.0,16782.0,521057.0,434945.0,286819.0,396.0,24.0,101.0,145.0,124.0,14268.0,253.0,13804.0,11.0,6.0,2020-12-19,52905.0
200,HR,Ambala,3021.0,25458.0,1136784.0,873020.0,571772.0,587.0,100.0,2.0,2.0,1.0,30150.0,509.0,29639.0,,,2021-01-30,206003.0
201,HR,Bhiwani,6166.0,25664.0,1629109.0,741251.0,317765.0,2454.0,578.0,,,,22409.0,652.0,21757.0,,,2021-01-30,176225.0
202,HR,Charkhi Dadri,941.0,11884.0,502276.0,364599.0,262184.0,35.0,2.0,,,2.0,5078.0,139.0,4939.0,,,2020-10-28,58525.0
203,HR,Faridabad,17515.0,30156.0,1798954.0,1658940.0,840997.0,1577.0,818.0,8.0,18.0,7.0,99902.0,716.0,99157.0,1.0,,2021-01-30,504970.0
204,HR,Fatehabad,1800.0,7458.0,941522.0,574546.0,201763.0,37.0,30.0,1.0,,,17875.0,481.0,17394.0,,,2020-08-29,27456.0
205,HR,Gurugram,20221.0,48107.0,1514085.0,2193114.0,1377160.0,1637.0,264.0,47.0,55.0,48.0,181428.0,922.0,180454.0,7.0,8.0,2021-01-30,742619.0
206,HR,Hisar,5821.0,12364.0,1742815.0,994213.0,332162.0,111.0,58.0,,2.0,,53995.0,1136.0,52857.0,,,2021-01-30,322039.0
207,HR,Jhajjar,8229.0,19599.0,956907.0,684511.0,293496.0,996.0,569.0,,1.0,,18849.0,328.0,18514.0,,,2020-11-30,186853.0
208,HR,Jind,13366.0,21662.0,1332042.0,704573.0,250859.0,567.0,490.0,,1.0,,21209.0,533.0,20675.0,,,2020-07-13,11157.0
209,HR,Kaithal,4183.0,11836.0,1072861.0,615168.0,217439.0,149.0,69.0,2.0,,2.0,11244.0,346.0,10898.0,,,2020-07-13,11687.0
210,HR,Karnal,8109.0,23328.0,1506323.0,1000120.0,451876.0,217.0,617.0,2.0,1.0,,40037.0,552.0,39484.0,1.0,,2021-01-30,185147.0
211,HR,Kurukshetra,4064.0,9522.0,964231.0,610380.0,248125.0,199.0,55.0,1.0,1.0,1.0,22147.0,357.0,21789.0,,,2021-01-29,198881.0
212,HR,Mahendragarh,4857.0,10632.0,921680.0,576527.0,264911.0,529.0,205.0,,,,21689.0,155.0,21534.0,,,2021-01-30,143253.0
213,HR,Nuh,10812.0,3789.0,1089406.0,354422.0,78081.0,583.0,2433.0,,,,5014.0,123.0,4890.0,,,2020-11-01,93389.0
214,HR,Palwal,7558.0,9496.0,1040493.0,608874.0,221786.0,259.0,358.0,1.0,,,11025.0,153.0,10872.0,,,2021-01-30,139809.0
215,HR,Panchkula,1786.0,10743.0,558890.0,456675.0,279951.0,1033.0,127.0,7.0,10.0,12.0,30770.0,378.0,30379.0,1.0,2.0,2020-12-05,118725.0
216,HR,Panipat,7950.0,12888.0,1202811.0,830805.0,273172.0,1054.0,375.0,,1.0,,31150.0,638.0,30510.0,1.0,,2020-10-06,58863.0
217,HR,Rewari,2550.0,9877.0,896129.0,648724.0,294989.0,353.0,83.0,2.0,,4.0,20327.0,221.0,20106.0,,,2021-01-30,151363.0
218,HR,Rohtak,11409.0,17219.0,1058683.0,674649.0,305282.0,953.0,311.0,4.0,,1.0,25903.0,534.0,25350.0,,,2020-07-13,25894.0
219,HR,Sirsa,4263.0,8228.0,1295114.0,786205.0,278920.0,92.0,47.0,3.0,3.0,2.0,29282.0,508.0,28771.0,,,2020-12-06,150193.0
220,HR,Sonipat,9421.0,21065.0,1480080.0,989125.0,411915.0,2190.0,785.0,1.0,,1.0,47138.0,254.0,46884.0,,,2020-12-06,238963.0
221,HR,Yamunanagar,6471.0,16554.0,1214162.0,831598.0,340196.0,185.0,102.0,2.0,,6.0,24631.0,414.0,24215.0,,,2021-01-30,196131.0
222,JH,Bokaro,27554.0,34375.0,2061918.0,994497.0,333330.0,4363.0,3236.0,5.0,15.0,13.0,19461.0,286.0,19170.0,,,2020-07-23,11798.0
223,JH,Chatra,5946.0,11402.0,1042304.0,454807.0,126700.0,1813.0,909.0,,,,6033.0,53.0,5977.0,,,,
224,JH,Deoghar,9801.0,19008.0,1491879.0,569167.0,230458.0,2299.0,985.0,,2.0,1.0,10835.0,113.0,10721.0,,,2020-07-23,6951.0
225,JH,Dhanbad,33374.0,34095.0,2682662.0,1185934.0,446946.0,3597.0,2811.0,1.0,24.0,13.0,16589.0,382.0,16196.0,,1.0,,
226,JH,Dumka,12679.0,22872.0,1321096.0,638722.0,229944.0,2659.0,1460.0,,2.0,2.0,4636.0,47.0,4589.0,,1.0,2020-07-23,5400.0
227,JH,East Singhbhum,11994.0,29238.0,2291032.0,1424376.0,661091.0,4669.0,1925.0,11.0,47.0,42.0,51974.0,1046.0,50907.0,,3.0,,
228,JH,Garhwa,17210.0,15386.0,1322387.0,456056.0,148421.0,3027.0,4770.0,1.0,6.0,7.0,6895.0,94.0,6801.0,,1.0,,
229,JH,Giridih,16994.0,29823.0,2445203.0,994417.0,301193.0,3577.0,2411.0,,,,8964.0,130.0,8834.0,,,2020-07-23,11132.0
230,JH,Godda,7385.0,16537.0,1311382.0,527710.0,198198.0,1883.0,906.0,,1.0,1.0,5840.0,87.0,5753.0,,,2020-07-23,10980.0
231,JH,Gumla,4900.0,8696.0,1025656.0,387738.0,156364.0,744.0,465.0,,5.0,,9900.0,38.0,9857.0,,,,
232,JH,Hazaribagh,11940.0,21857.0,1734005.0,865943.0,317137.0,1243.0,678.0,,3.0,3.0,19593.0,186.0,19404.0,,,,
233,JH,Jamtara,9614.0,12331.0,790207.0,381155.0,137216.0,1373.0,973.0,1.0,4.0,3.0,5599.0,61.0,5534.0,,,2020-07-21,2880.0
234,JH,Khunti,3335.0,3834.0,530299.0,227503.0,107053.0,367.0,354.0,2.0,,,7820.0,96.0,7724.0,,,2020-07-29,3852.0
235,JH,Koderma,3393.0,11488.0,717169.0,363078.0,140609.0,235.0,45.0,,,,12872.0,136.0,12736.0,,,,
236,JH,Latehar,9565.0,7719.0,725673.0,294989.0,84919.0,773.0,1158.0,,,,7871.0,57.0,7814.0,,,,
237,JH,Lohardaga,3444.0,3563.0,461738.0,173109.0,63130.0,166.0,188.0,,,2.0,6709.0,88.0,6621.0,,,2020-07-25,7526.0
238,JH,Pakur,9945.0,9107.0,899200.0,378048.0,108941.0,2636.0,3009.0,1.0,,,2552.0,12.0,2539.0,,,2020-07-23,6429.0
239,JH,Palamu,21657.0,37375.0,1936319.0,788026.0,311074.0,6713.0,5270.0,,,,12294.0,110.0,12184.0,,,,
240,JH,Ramgarh,5306.0,10927.0,949159.0,522017.0,185442.0,944.0,645.0,1.0,7.0,,13923.0,197.0,13714.0,,,,
241,JH,Ranchi,35099.0,38856.0,2912022.0,1512114.0,656001.0,4594.0,4743.0,52.0,182.0,228.0,86116.0,1585.0,84495.0,10.0,2.0,,
242,JH,Sahibganj,10449.0,13687.0,1150038.0,430948.0,132560.0,947.0,1336.0,,,,4834.0,42.0,4792.0,,,2020-07-23,5029.0
243,JH,Saraikela-Kharsawan,11215.0,12399.0,1063458.0,505417.0,167980.0,490.0,682.0,,,,7207.0,67.0,7137.0,,,2020-12-13,161796.0
244,JH,Simdega,1694.0,4126.0,599813.0,277357.0,112059.0,189.0,67.0,,,,7193.0,92.0,7101.0,,,,
245,JH,Unknown,,,,,,,,,-166.0,-70.0,,,,,,,
246,JH,West Singhbhum,12587.0,16980.0,1501619.0,630437.0,225607.0,962.0,895.0,3.0,5.0,5.0,13054.0,133.0,12918.0,,,,
247,JK,Anantnag,1472.0,30949.0,1070144.0,759605.0,402717.0,4677.0,69.0,19.0,10.0,12.0,16603.0,205.0,16378.0,2.0,2.0,,
248,JK,Bandipora,349.0,6835.0,385099.0,303665.0,154345.0,639.0,12.0,16.0,13.0,19.0,9814.0,102.0,9693.0,1.0,,,
249,JK,Baramulla,1665.0,29357.0,1015503.0,776258.0,450002.0,2327.0,42.0,57.0,96.0,64.0,24613.0,282.0,24196.0,10.0,6.0,,
250,JK,Budgam,1409.0,22456.0,735753.0,592075.0,319587.0,2657.0,113.0,48.0,63.0,53.0,23844.0,207.0,23548.0,10.0,10.0,,
251,JK,Doda,1065.0,19212.0,409576.0,313983.0,158751.0,1079.0,74.0,26.0,18.0,26.0,7869.0,133.0,7704.0,2.0,,,
252,JK,Ganderbal,370.0,9271.0,297003.0,227349.0,133812.0,1116.0,33.0,10.0,31.0,12.0,10436.0,79.0,10313.0,7.0,2.0,,
253,JK,Jammu,4121.0,16781.0,1526406.0,1168448.0,610537.0,593.0,86.0,27.0,20.0,37.0,53324.0,1145.0,52145.0,3.0,6.0,,
254,JK,Kathua,1867.0,22270.0,615711.0,482584.0,249588.0,2053.0,108.0,1.0,,5.0,9327.0,152.0,9175.0,,,,
255,JK,Kishtwar,3948.0,3385.0,230696.0,164754.0,78041.0,320.0,85.0,,1.0,,4819.0,44.0,4773.0,,,,
256,JK,Kulgam,632.0,20244.0,422786.0,401091.0,202260.0,1610.0,39.0,1.0,2.0,5.0,11489.0,117.0,11367.0,1.0,2.0,,
257,JK,Kupwara,3959.0,42820.0,875564.0,673594.0,348327.0,8743.0,165.0,32.0,25.0,25.0,14463.0,166.0,14268.0,5.0,4.0,,
258,JK,Pulwama,1021.0,16829.0,570060.0,430622.0,244300.0,1414.0,24.0,8.0,5.0,5.0,15512.0,194.0,15309.0,4.0,,2021-01-01,139552.0
259,JK,Punch,695.0,27765.0,476820.0,386098.0,234540.0,3190.0,45.0,13.0,7.0,14.0,6482.0,98.0,6371.0,,,,
260,JK,Rajouri,1247.0,9544.0,619266.0,498787.0,241407.0,752.0,56.0,8.0,4.0,7.0,11272.0,237.0,11031.0,,,,
261,JK,Ramban,1498.0,10369.0,283313.0,220690.0,147086.0,829.0,155.0,,3.0,,6043.0,67.0,5971.0,1.0,,,
262,JK,Reasi,1644.0,15636.0,314714.0,244379.0,133971.0,1808.0,240.0,13.0,4.0,10.0,6626.0,43.0,6575.0,,2.0,,
263,JK,Samba,1207.0,6224.0,318611.0,280700.0,122554.0,468.0,40.0,1.0,,2.0,7152.0,120.0,7032.0,,,,
264,JK,Shopiyan,139.0,7669.0,265960.0,203036.0,95122.0,302.0,6.0,,,,5607.0,58.0,5549.0,,,,
265,JK,Srinagar,2788.0,80075.0,1269751.0,957347.0,592016.0,11547.0,394.0,247.0,305.0,274.0,75539.0,846.0,74242.0,49.0,45.0,,
266,JK,Udhampur,2420.0,14763.0,555357.0,425945.0,227785.0,700.0,76.0,2.0,4.0,2.0,11415.0,137.0,11275.0,,,,
267,KA,Bagalkote,57683.0,22844.0,1890826.0,1188016.0,613422.0,98.0,823.0,1.0,,,35178.0,333.0,34843.0,,,2020-08-23,49851.0
268,KA,Ballari,54006.0,84805.0,2532383.0,1758198.0,864065.0,483.0,2415.0,9.0,9.0,14.0,97763.0,1689.0,95961.0,,2.0,2020-12-28,402407.0
269,KA,Belagavi,39701.0,98350.0,4778439.0,3165252.0,1386668.0,825.0,427.0,31.0,20.0,21.0,79900.0,938.0,78879.0,6.0,1.0,2021-01-02,396565.0
270,KA,Bengaluru Rural,5196.0,22700.0,987257.0,700825.0,385704.0,994.0,118.0,40.0,23.0,27.0,62005.0,890.0,61073.0,3.0,3.0,2021-01-31,240277.0
271,KA,Bengaluru Urban,48836.0,247281.0,9588910.0,9219875.0,5903791.0,11462.0,2109.0,1105.0,1165.0,1093.0,1251872.0,16281.0,1229059.0,137.0,204.0,2021-01-31,6883888.0
272,KA,Bidar,13739.0,30558.0,1700018.0,929776.0,515993.0,740.0,408.0,7.0,,5.0,24340.0,400.0,23936.0,,,2020-08-29,67689.0
273,KA,Chamarajanagara,2102.0,36658.0,1020962.0,647951.0,351940.0,399.0,25.0,14.0,6.0,15.0,33001.0,500.0,32469.0,,4.0,2020-06-28,5156.0
274,KA,Chikkaballapura,4700.0,19860.0,1254377.0,852473.0,497674.0,22.0,16.0,6.0,11.0,8.0,43951.0,429.0,43501.0,2.0,,2020-06-28,15089.0
275,KA,Chikkamagaluru,4830.0,13010.0,1137753.0,737417.0,346002.0,29.0,14.0,46.0,28.0,93.0,51126.0,395.0,50662.0,3.0,4.0,2020-06-28,5467.0
276,KA,Chitradurga,45062.0,47252.0,1660378.0,1020280.0,618156.0,1956.0,2340.0,9.0,17.0,12.0,36666.0,206.0,36412.0,3.0,3.0,2020-06-28,4393.0
277,KA,Dakshina Kannada,5124.0,38765.0,2083625.0,1531107.0,848253.0,858.0,139.0,232.0,192.0,193.0,115478.0,1680.0,113515.0,24.0,20.0,2020-09-17,131281.0
278,KA,Davanagere,7079.0,28149.0,1946905.0,1016827.0,495371.0,33.0,16.0,9.0,10.0,11.0,50989.0,608.0,50359.0,2.0,1.0,2020-06-28,17483.0
279,KA,Dharwad,24515.0,35313.0,1846993.0,1212295.0,561504.0,323.0,459.0,15.0,4.0,10.0,60970.0,1315.0,59639.0,,3.0,2020-10-13,137696.0
280,KA,Gadag,12373.0,16257.0,1065235.0,691646.0,328477.0,167.0,1176.0,1.0,,,26066.0,319.0,25747.0,,,2020-06-28,8904.0
281,KA,Hassan,5434.0,26697.0,1776221.0,1224599.0,614828.0,123.0,37.0,144.0,147.0,125.0,111785.0,1256.0,110294.0,26.0,28.0,2020-06-28,10800.0
282,KA,Haveri,8794.0,36386.0,1598506.0,999178.0,383705.0,7.0,2.0,3.0,1.0,2.0,21947.0,644.0,21301.0,1.0,1.0,2020-06-28,11714.0
283,KA,Kalaburagi,35135.0,44220.0,2564892.0,1323039.0,641641.0,1001.0,1631.0,2.0,9.0,5.0,61926.0,819.0,61087.0,3.0,,2021-01-30,409596.0
284,KA,Kodagu,1558.0,12680.0,554762.0,385482.0,212033.0,202.0,26.0,79.0,112.0,67.0,37095.0,329.0,36616.0,11.0,7.0,2021-01-31,143982.0
285,KA,Kolar,13745.0,34211.0,1540231.0,991957.0,625918.0,1088.0,748.0,38.0,18.0,31.0,46916.0,638.0,46266.0,2.0,5.0,2020-10-14,91924.0
286,KA,Koppal,16045.0,33794.0,1391292.0,814373.0,411092.0,321.0,116.0,2.0,1.0,5.0,35198.0,521.0,34660.0,,,2020-06-28,8708.0
287,KA,Mandya,5411.0,28944.0,1808680.0,1189318.0,659066.0,123.0,8.0,59.0,48.0,36.0,73753.0,650.0,73029.0,8.0,2.0,2020-06-28,14874.0
288,KA,Mysuru,46664.0,111457.0,2994744.0,2141764.0,1239770.0,1258.0,798.0,252.0,234.0,247.0,179167.0,2416.0,176447.0,33.0,34.0,2020-08-31,107338.0
289,KA,Other State,,,,,,,,,,,36.0,3.0,33.0,,,,
290,KA,Raichur,19900.0,34897.0,1924773.0,1021603.0,448501.0,433.0,151.0,7.0,1.0,4.0,39973.0,331.0,39641.0,,1.0,2020-06-28,21011.0
291,KA,Ramanagara,6303.0,28767.0,1082739.0,754463.0,469335.0,61.0,11.0,12.0,8.0,10.0,24204.0,320.0,23869.0,,,2020-11-25,103399.0
292,KA,Shivamogga,23220.0,47086.0,1755512.0,1162073.0,535447.0,957.0,417.0,38.0,30.0,66.0,69444.0,1088.0,68239.0,3.0,,2020-08-21,48760.0
293,KA,Tumakuru,31038.0,66650.0,2681449.0,1672730.0,881580.0,3742.0,1842.0,103.0,136.0,112.0,120836.0,1127.0,119420.0,17.0,12.0,2020-09-24,106564.0
294,KA,Udupi,2422.0,27889.0,1177908.0,919074.0,529427.0,137.0,16.0,91.0,49.0,75.0,76718.0,489.0,76181.0,2.0,6.0,2020-09-13,86092.0
295,KA,Uttara Kannada,3955.0,32067.0,1353299.0,980496.0,505589.0,155.0,11.0,65.0,66.0,48.0,56218.0,766.0,55339.0,6.0,4.0,2020-06-28,13833.0
296,KA,Vijayapura,59571.0,50033.0,2175102.0,1535235.0,634270.0,583.0,340.0,11.0,2.0,2.0,36267.0,495.0,35764.0,,,2020-06-28,25108.0
297,KA,Yadgir,18060.0,15460.0,1172985.0,708887.0,348094.0,62.0,108.0,1.0,,2.0,27545.0,207.0,27337.0,,,2021-01-31,221485.0
298,KL,Alappuzha,5337.0,51712.0,2121943.0,1518055.0,855411.0,502.0,65.0,3016.0,2035.0,2526.0,316160.0,1862.0,313515.0,270.0,455.0,,
299,KL,Ernakulam,13018.0,91762.0,3279860.0,2953482.0,1759232.0,1977.0,573.0,8747.0,7647.0,8539.0,602800.0,3555.0,583842.0,1046.0,918.0,,
300,KL,Idukki,2211.0,27218.0,1107453.0,859116.0,481911.0,208.0,26.0,3256.0,2876.0,1866.0,147118.0,519.0,140292.0,550.0,195.0,2021-01-01,237691.0
301,KL,Kannur,7636.0,71089.0,2525637.0,1891004.0,959656.0,325.0,38.0,3456.0,2611.0,3143.0,275264.0,2325.0,269475.0,304.0,451.0,2021-01-01,392136.0
302,KL,Kasaragod,4942.0,24290.0,1302600.0,910194.0,521754.0,1861.0,389.0,1156.0,1054.0,1082.0,138815.0,617.0,134824.0,137.0,147.0,,
303,KL,Kollam,7368.0,62100.0,2629703.0,1951077.0,1047951.0,215.0,13.0,3991.0,4753.0,6283.0,390872.0,2451.0,383923.0,592.0,848.0,,
304,KL,Kottayam,5298.0,58083.0,1979384.0,1477425.0,841596.0,125.0,11.0,4644.0,4187.0,1611.0,322484.0,1356.0,315759.0,506.0,155.0,,
305,KL,Kozhikode,11449.0,57479.0,3089543.0,2341296.0,1154561.0,449.0,55.0,5631.0,5386.0,5059.0,527346.0,3374.0,519030.0,742.0,760.0,2021-01-01,955060.0
306,KL,Malappuram,20840.0,52896.0,4110956.0,2833303.0,1103557.0,523.0,152.0,3497.0,2634.0,2929.0,567584.0,2576.0,562111.0,334.0,560.0,2020-12-30,469850.0
307,KL,Palakkad,8712.0,57261.0,2810892.0,1989222.0,950909.0,397.0,37.0,3177.0,2560.0,2544.0,373839.0,2881.0,364351.0,339.0,423.0,2020-10-19,226562.0
308,KL,Pathanamthitta,2637.0,29343.0,1195537.0,1048352.0,677224.0,1275.0,149.0,2683.0,2953.0,2635.0,193406.0,1076.0,184979.0,447.0,406.0,2021-01-01,306034.0
309,KL,Thiruvananthapuram,9284.0,89297.0,3307284.0,2578575.0,1562343.0,2986.0,418.0,7626.0,7056.0,4851.0,463977.0,4996.0,448304.0,878.0,754.0,2020-10-23,436661.0
310,KL,Thrissur,8853.0,87643.0,3110327.0,2295947.0,1305873.0,977.0,107.0,6874.0,5751.0,3647.0,523260.0,3575.0,515481.0,753.0,38.0,2021-01-01,639055.0
311,KL,Wayanad,2223.0,32359.0,816558.0,659451.0,436359.0,243.0,12.0,1767.0,1823.0,1691.0,125732.0,518.0,121295.0,269.0,329.0,2021-01-01,211953.0
312,LA,Kargil,205.0,748.0,143000.0,87221.0,64300.0,3.0,,,4.0,,3619.0,58.0,3556.0,,,2021-01-14,37471.0
313,LA,Leh,320.0,785.0,147000.0,121577.0,87980.0,,,26.0,54.0,28.0,17343.0,150.0,17131.0,11.0,9.0,2021-01-14,72597.0
314,LD,Lakshadweep,69.0,796.0,64473.0,55129.0,45951.0,4.0,,,,,10365.0,51.0,10270.0,,,2021-10-31,263541.0
315,MH,Ahmednagar,44180.0,28319.0,4543083.0,2468837.0,881402.0,661.0,535.0,2120.0,866.0,728.0,339457.0,7043.0,330122.0,138.0,11.0,2020-07-19,11077.0
316,MH,Akola,26579.0,10081.0,1818617.0,760099.0,357931.0,200.0,576.0,7.0,3.0,7.0,58764.0,1425.0,57318.0,,1.0,,
317,MH,Amravati,29961.0,21747.0,2887826.0,1241168.0,548807.0,66.0,112.0,2.0,3.0,,96231.0,1594.0,94618.0,1.0,,,
318,MH,Aurangabad,46323.0,34109.0,3695928.0,1772420.0,723304.0,246.0,759.0,140.0,156.0,157.0,155331.0,4251.0,150615.0,27.0,,2020-05-30,11800.0
319,MH,Beed,34333.0,24584.0,2585962.0,1145382.0,485615.0,473.0,411.0,123.0,69.0,35.0,103749.0,2806.0,100803.0,12.0,7.0,2020-10-11,111488.0
320,MH,Bhandara,5080.0,16415.0,1198810.0,825867.0,421585.0,13.0,7.0,,,1.0,60080.0,1123.0,58945.0,,,2020-10-11,54195.0
321,MH,Buldhana,34272.0,24089.0,2588039.0,1136679.0,512944.0,153.0,402.0,15.0,16.0,16.0,85520.0,797.0,84710.0,3.0,1.0,2021-01-30,115874.0
322,MH,Chandrapur,22248.0,18994.0,2194262.0,1335017.0,458690.0,24.0,54.0,14.0,7.0,,88968.0,1560.0,87387.0,2.0,,2021-01-30,199809.0
323,MH,Dhule,23261.0,19364.0,2048781.0,1007007.0,476051.0,230.0,121.0,4.0,5.0,4.0,46172.0,654.0,45501.0,,,2020-10-11,90092.0
324,MH,Gadchiroli,14790.0,10994.0,1071795.0,540319.0,231208.0,255.0,424.0,4.0,2.0,5.0,30440.0,669.0,29735.0,,,2020-07-23,11993.0
325,MH,Gondia,8593.0,23092.0,1322331.0,888961.0,469980.0,45.0,32.0,,2.0,3.0,40519.0,569.0,39941.0,,,2021-01-29,130146.0
326,MH,Hingoli,42054.0,16145.0,1178973.0,537442.0,201000.0,166.0,459.0,7.0,,3.0,18475.0,506.0,17949.0,,,2020-08-03,6797.0
327,MH,Jalgaon,37870.0,21599.0,4224442.0,2085101.0,699544.0,19.0,6.0,11.0,4.0,11.0,139934.0,2714.0,137178.0,,2.0,2021-01-30,429198.0
328,MH,Jalna,112537.0,35713.0,1958483.0,1081253.0,413822.0,16.0,121.0,44.0,15.0,47.0,60615.0,1209.0,59382.0,,,2021-01-30,117047.0
329,MH,Kolhapur,19104.0,23088.0,3874015.0,2536731.0,1043329.0,337.0,152.0,74.0,55.0,115.0,206671.0,5847.0,200699.0,12.0,5.0,,
330,MH,Latur,82644.0,33519.0,2455543.0,1182476.0,507616.0,1424.0,4676.0,47.0,39.0,,92133.0,2437.0,89608.0,5.0,,,
331,MH,Mumbai,98915.0,219736.0,12442373.0,9115615.0,5564204.0,2540.0,2725.0,3019.0,2242.0,2604.0,756749.0,16247.0,733318.0,308.0,429.0,2021-01-29,2789713.0
332,MH,Nagpur,58567.0,71818.0,4653171.0,3006439.0,1460890.0,3360.0,3039.0,20.0,35.0,43.0,493607.0,9128.0,484334.0,4.0,5.0,2020-10-18,382083.0
333,MH,Nanded,144423.0,41697.0,3356566.0,1560558.0,560812.0,2618.0,8820.0,15.0,28.0,22.0,90409.0,2658.0,87721.0,2.0,3.0,2020-11-03,117319.0
334,MH,Nandurbar,19572.0,12517.0,1646177.0,723850.0,342054.0,178.0,738.0,,2.0,1.0,40006.0,948.0,39054.0,,,2020-12-12,37740.0
335,MH,Nashik,143768.0,58112.0,6109052.0,3471046.0,1299122.0,473.0,2116.0,585.0,456.0,519.0,410681.0,8679.0,401418.0,60.0,32.0,2021-01-30,498397.0
336,MH,Osmanabad,44954.0,11658.0,1660311.0,803192.0,308210.0,1039.0,5549.0,197.0,89.0,154.0,67828.0,1963.0,65577.0,16.0,3.0,2021-01-07,109450.0
337,MH,Other State,,,,,,,,,,,144.0,111.0,31.0,,,,
338,MH,Palghar,32112.0,39231.0,2990116.0,1869199.0,678741.0,1749.0,863.0,310.0,204.0,326.0,138013.0,3282.0,134309.0,28.0,6.0,2021-01-30,319724.0
339,MH,Parbhani,44477.0,20480.0,1835982.0,905874.0,378183.0,1361.0,4016.0,12.0,13.0,9.0,52362.0,1233.0,51078.0,,1.0,2021-01-30,110937.0
340,MH,Pune,85256.0,136336.0,9426959.0,7843130.0,4264808.0,4885.0,2900.0,2964.0,1536.0,5294.0,1154776.0,19594.0,1131401.0,245.0,300.0,2021-01-12,97127.0
341,MH,Raigad,21737.0,31684.0,2635394.0,1859507.0,774913.0,1214.0,326.0,594.0,267.0,359.0,195958.0,4551.0,190759.0,26.0,34.0,2021-01-28,304088.0
342,MH,Ratnagiri,10880.0,7924.0,1612672.0,920151.0,388703.0,224.0,83.0,192.0,91.0,160.0,78950.0,2478.0,76292.0,8.0,14.0,,
343,MH,Sangli,11974.0,19041.0,2820575.0,1810980.0,802877.0,120.0,128.0,380.0,155.0,375.0,209771.0,5613.0,203673.0,19.0,,,
344,MH,Satara,16690.0,30950.0,3003922.0,1963730.0,865197.0,298.0,225.0,508.0,157.0,501.0,250414.0,6428.0,243482.0,35.0,4.0,2021-01-30,312742.0
345,MH,Sindhudurg,3915.0,5195.0,848868.0,524896.0,279051.0,1.0,-1.0,258.0,91.0,259.0,52783.0,1434.0,50987.0,12.0,6.0,,
346,MH,Solapur,77398.0,34204.0,4315527.0,2242339.0,690069.0,1381.0,5956.0,519.0,253.0,370.0,210466.0,5551.0,204364.0,51.0,7.0,2021-01-30,629266.0
347,MH,Thane,108643.0,120708.0,11060148.0,5484839.0,2751182.0,5578.0,3664.0,1629.0,1241.0,3002.0,610128.0,11462.0,597141.0,153.0,525.0,2020-11-04,1229625.0
348,MH,Wardha,16481.0,14040.0,1296157.0,755863.0,314899.0,65.0,18.0,4.0,5.0,4.0,57344.0,1217.0,55956.0,2.0,2.0,2020-10-31,52365.0
349,MH,Washim,30932.0,19238.0,1196714.0,579042.0,321710.0,516.0,1016.0,5.0,4.0,5.0,41663.0,637.0,41020.0,1.0,,,
350,MH,Yavatmal,56233.0,26091.0,2775457.0,1211321.0,496306.0,697.0,2588.0,2.0,6.0,7.0,75967.0,1798.0,74159.0,2.0,1.0,2021-01-29,141551.0
351,ML,East Garo Hills,482.0,1424.0,317618.0,47655.0,20648.0,,,1.0,5.0,2.0,1867.0,13.0,1844.0,,1.0,,
352,ML,East Jaintia Hills,483.0,2964.0,122436.0,64432.0,33259.0,,,8.0,2.0,3.0,2430.0,31.0,2395.0,,,,
353,ML,East Khasi Hills,1847.0,10698.0,824059.0,318381.0,225526.0,17.0,,348.0,171.0,286.0,41025.0,987.0,39754.0,14.0,18.0,,
354,ML,North Garo Hills,596.0,3614.0,118325.0,62675.0,28288.0,,,1.0,3.0,2.0,1685.0,8.0,1674.0,1.0,,,
355,ML,Ribhoi,884.0,3492.0,258380.0,92049.0,48460.0,65.0,15.0,20.0,14.0,23.0,9697.0,89.0,9584.0,1.0,3.0,,
356,ML,South Garo Hills,329.0,1346.0,142574.0,40103.0,18937.0,67.0,13.0,1.0,,1.0,1216.0,12.0,1203.0,,,,
357,ML,South West Garo Hills,924.0,4509.0,172495.0,73397.0,39210.0,,,2.0,3.0,3.0,1872.0,17.0,1852.0,,1.0,,
358,ML,South West Khasi Hills,61.0,552.0,110152.0,33372.0,17117.0,,,5.0,6.0,1.0,2548.0,17.0,2525.0,,,,
359,ML,West Garo Hills,1409.0,8093.0,642923.0,209662.0,119725.0,32.0,7.0,13.0,8.0,11.0,9027.0,72.0,8943.0,3.0,1.0,,
360,ML,West Jaintia Hills,411.0,3480.0,270352.0,84529.0,47646.0,,,13.0,11.0,31.0,6803.0,133.0,6642.0,1.0,,,
361,ML,West Khasi Hills,443.0,1763.0,385601.0,77018.0,43000.0,20.0,1.0,118.0,33.0,97.0,5457.0,71.0,5330.0,2.0,27.0,,
362,MN,Bishnupur,685.0,8679.0,240363.0,128902.0,64791.0,,,,,,,,,,,,
363,MN,Chandel,98.0,1337.0,144028.0,26634.0,15197.0,134.0,5.0,,,,,,,,,,
364,MN,Churachandpur,345.0,3560.0,271274.0,104247.0,62208.0,370.0,27.0,,,,,,,,,2020-09-23,13542.0
365,MN,Imphal East,2402.0,19169.0,452661.0,251626.0,148953.0,1268.0,183.0,,,,,,,,,,
366,MN,Imphal West,1861.0,17353.0,514683.0,308782.0,199404.0,841.0,74.0,,,,,,,,,,
367,MN,Jiribam,70.0,1927.0,43818.0,27911.0,17262.0,,,,,,,,,,,,
368,MN,Kakching,214.0,2450.0,135481.0,84702.0,49653.0,,,,,,,,,,,,
369,MN,Kamjong,129.0,736.0,45616.0,10502.0,5370.0,371.0,75.0,,,,,,,,,,
370,MN,Kangpokpi,291.0,1472.0,,39027.0,19015.0,26.0,73.0,,,,,,,,,,
371,MN,Noney,98.0,1211.0,,16798.0,9819.0,388.0,29.0,,,,,,,,,,
372,MN,Pherzawl,55.0,711.0,47250.0,12417.0,9888.0,52.0,,,,,,,,,,,
373,MN,Senapati,425.0,1940.0,354772.0,28247.0,18288.0,291.0,105.0,,,,,,,,,,
374,MN,Tamenglong,174.0,1204.0,140143.0,19931.0,10361.0,76.0,53.0,,,,,,,,,,
375,MN,Tengnoupal,93.0,1176.0,,26209.0,12163.0,183.0,14.0,,,,,,,,,,
376,MN,Thoubal,378.0,6574.0,420517.0,141308.0,62279.0,22.0,1.0,,,,,,,,,,
377,MN,Ukhrul,362.0,1775.0,183115.0,22193.0,14759.0,258.0,66.0,,,,,,,,,,
378,MN,Unknown,,,,,,,,734.0,439.0,652.0,123731.0,1921.0,121102.0,63.0,62.0,,
379,MP,Agar Malwa,965.0,16911.0,,424846.0,128822.0,107.0,12.0,,,,3303.0,68.0,3235.0,,,,
380,MP,Alirajpur,921.0,8076.0,728677.0,369571.0,114601.0,40.0,10.0,,,,3505.0,48.0,3453.0,,,,
381,MP,Anuppur,995.0,18360.0,749521.0,481238.0,164712.0,1328.0,73.0,,,,9238.0,89.0,9140.0,,,2020-09-19,3424.0
382,MP,Ashoknagar,1258.0,17334.0,844979.0,550087.0,186066.0,131.0,10.0,,,,3670.0,57.0,3613.0,,,2021-01-31,55792.0
383,MP,Balaghat,15838.0,71692.0,1701156.0,1278183.0,549643.0,342.0,25.0,,2.0,,9100.0,64.0,9017.0,2.0,,2020-08-19,9654.0
384,MP,Barwani,1615.0,16619.0,1385659.0,788872.0,225336.0,542.0,76.0,,,,8366.0,90.0,8267.0,,,2020-11-19,41588.0
385,MP,Betul,2361.0,31953.0,1575247.0,1042931.0,343674.0,547.0,22.0,1.0,1.0,,12905.0,277.0,12590.0,,,2021-01-31,68036.0
386,MP,Bhind,1525.0,30042.0,1703562.0,1034374.0,351065.0,1176.0,29.0,1.0,,,2995.0,32.0,2960.0,,,2020-11-16,44395.0
387,MP,Bhopal,4130.0,38750.0,2368145.0,2012966.0,1168682.0,646.0,66.0,27.0,38.0,,123552.0,972.0,122121.0,2.0,,2020-09-19,245166.0
388,MP,Burhanpur,762.0,6561.0,756993.0,493618.0,220909.0,138.0,49.0,,,,2568.0,39.0,2529.0,,,2020-08-18,13040.0
389,MP,Chhatarpur,3103.0,27937.0,1762857.0,1093616.0,336309.0,1310.0,56.0,1.0,,,7609.0,91.0,7506.0,,,2020-12-09,50518.0
390,MP,Chhindwara,4654.0,93453.0,2090306.0,1624355.0,591843.0,261.0,18.0,,2.0,,6734.0,120.0,6612.0,,,2021-01-31,79090.0
391,MP,Damoh,4298.0,52314.0,1263703.0,844557.0,326505.0,982.0,39.0,,,,8120.0,186.0,7841.0,,,2020-09-19,16564.0
392,MP,Datia,1963.0,45226.0,786375.0,560238.0,296233.0,10316.0,521.0,,,,6959.0,78.0,6874.0,,,2020-12-04,40322.0
393,MP,Dewas,1804.0,22992.0,1563107.0,1005266.0,477219.0,386.0,11.0,,,,7723.0,51.0,7672.0,,,2021-01-31,96155.0
394,MP,Dhar,5034.0,83699.0,2184672.0,1371226.0,536214.0,306.0,39.0,6.0,7.0,,12572.0,130.0,12388.0,1.0,,2020-12-02,62597.0
395,MP,Dindori,1342.0,21481.0,704218.0,481366.0,186341.0,96.0,4.0,,,,4623.0,29.0,4588.0,,,2020-07-08,3557.0
396,MP,Guna,3347.0,32837.0,1240938.0,821399.0,284155.0,5023.0,630.0,,,,5132.0,44.0,5085.0,,,2020-12-04,40229.0
397,MP,Gwalior,8800.0,41193.0,2030543.0,1452149.0,730150.0,1715.0,531.0,,2.0,,53106.0,633.0,52427.0,,,2020-12-04,206696.0
398,MP,Harda,1075.0,24810.0,570302.0,394641.0,159293.0,210.0,14.0,,,,5055.0,96.0,4954.0,,,2020-12-02,36708.0
399,MP,Hoshangabad,1498.0,39507.0,1240975.0,865566.0,369945.0,206.0,10.0,,,,10688.0,99.0,10570.0,,,2020-12-04,46294.0
400,MP,Indore,4233.0,45203.0,3272335.0,2951024.0,1728945.0,894.0,76.0,8.0,39.0,,153230.0,1391.0,151410.0,8.0,,2021-01-31,780266.0
401,MP,Jabalpur,5968.0,156306.0,2460714.0,1957070.0,1099359.0,19681.0,726.0,2.0,3.0,,50779.0,670.0,49896.0,,,2021-02-01,293923.0
402,MP,Jhabua,3578.0,21040.0,1024091.0,607542.0,185320.0,222.0,50.0,1.0,1.0,,7691.0,64.0,7619.0,,,2020-12-04,52146.0
403,MP,Katni,2926.0,42360.0,1291684.0,865274.0,306259.0,879.0,57.0,,,,9366.0,120.0,9242.0,,,2020-12-18,56828.0
404,MP,Khandwa,880.0,13668.0,1309443.0,862885.0,310248.0,,,,,,4044.0,94.0,3946.0,,,2020-08-24,17090.0
405,MP,Khargone,3049.0,32932.0,1872413.0,1147444.0,411114.0,5304.0,922.0,,,,13970.0,239.0,13716.0,,,2020-09-19,38413.0
406,MP,Mandla,2286.0,53670.0,1053522.0,684882.0,246724.0,72.0,6.0,,,,5188.0,25.0,5159.0,,,,
407,MP,Mandsaur,2058.0,37337.0,1339832.0,948065.0,330902.0,130.0,4.0,,,,8637.0,84.0,8552.0,,,2020-12-04,52733.0
408,MP,Morena,2814.0,112629.0,1965137.0,1295658.0,582833.0,1667.0,50.0,,,,8236.0,95.0,8135.0,,,2021-02-01,90967.0
409,MP,Narsinghpur,1266.0,34365.0,1092141.0,803225.0,318284.0,224.0,10.0,1.0,5.0,,11209.0,81.0,11115.0,,,2021-01-30,90600.0
410,MP,Neemuch,970.0,17955.0,825958.0,579489.0,229183.0,359.0,16.0,,,,7926.0,84.0,7828.0,,,2020-12-04,57292.0
411,MP,Niwari,,,,,,,,,,,3715.0,48.0,3654.0,,,2020-11-29,22574.0
412,MP,Panna,2633.0,18657.0,1016028.0,600823.0,168120.0,985.0,144.0,,,,7331.0,63.0,7250.0,,,,
413,MP,Raigarh,,,,,,,,,,,1.0,,,,,,
414,MP,Raisen,1644.0,22044.0,1331699.0,885585.0,333022.0,222.0,39.0,,,,9238.0,194.0,9030.0,,,2020-11-29,44343.0
415,MP,Rajgarh,2483.0,41531.0,1546541.0,1025584.0,450099.0,144.0,10.0,7.0,1.0,,8729.0,172.0,8490.0,1.0,,2020-12-04,46604.0
416,MP,Ratlam,1894.0,51080.0,1454483.0,1026416.0,457972.0,251.0,14.0,,,,17860.0,385.0,17438.0,,,2020-11-29,51736.0
417,MP,Rewa,6664.0,104963.0,2363744.0,1639826.0,674779.0,1574.0,85.0,,,,16433.0,155.0,16270.0,,,2020-08-18,22690.0
418,MP,Sagar,6321.0,60800.0,2378295.0,1563245.0,760746.0,343.0,23.0,6.0,2.0,,16622.0,390.0,16154.0,2.0,,2020-09-19,64801.0
419,MP,Satna,3426.0,40519.0,2228619.0,1532585.0,481540.0,303.0,37.0,,,,11965.0,133.0,11829.0,,,2020-09-19,28159.0
420,MP,Sehore,2325.0,32101.0,1311008.0,909045.0,396375.0,256.0,5.0,,,,10136.0,73.0,10057.0,,,2020-11-29,45061.0
421,MP,Seoni,2162.0,38081.0,1378876.0,945564.0,341871.0,402.0,15.0,,,,6775.0,28.0,6739.0,,,2020-09-19,15024.0
422,MP,Shahdol,857.0,22928.0,1064989.0,723227.0,337272.0,426.0,20.0,,,,10085.0,118.0,9958.0,,,2020-09-19,18177.0
423,MP,Shajapur,1971.0,51596.0,1512353.0,620316.0,278912.0,851.0,43.0,,,,6349.0,74.0,6273.0,,,2021-02-01,56805.0
424,MP,Sheopur,1338.0,16952.0,687952.0,413195.0,140296.0,1788.0,236.0,,,,4000.0,78.0,3919.0,,,2020-11-29,31449.0
425,MP,Shivpuri,3082.0,38901.0,1725818.0,1109976.0,391707.0,13988.0,883.0,,,,12398.0,125.0,12261.0,,,2020-11-19,47270.0
426,MP,Sidhi,1867.0,19145.0,1126515.0,679862.0,226632.0,512.0,58.0,,,,9219.0,87.0,9132.0,,,2020-07-26,4660.0
427,MP,Singrauli,3052.0,21200.0,1178132.0,740335.0,224966.0,305.0,43.0,,1.0,,8801.0,82.0,8706.0,,,,
428,MP,Tikamgarh,3331.0,24497.0,1444920.0,919592.0,293885.0,297.0,60.0,,,,6863.0,114.0,6742.0,,,2020-11-29,43011.0
429,MP,Ujjain,4210.0,65566.0,1986864.0,1452247.0,836514.0,1323.0,27.0,1.0,1.0,,18903.0,172.0,18720.0,,,2020-09-19,31631.0
430,MP,Umaria,955.0,28084.0,643579.0,455492.0,196492.0,93.0,9.0,,,,6294.0,63.0,6224.0,,,2020-11-19,54811.0
431,MP,Unknown,,,,,,,,,,74.0,1416.0,1493.0,1632.0,,8.0,,
432,MP,Vidisha,1222.0,26130.0,1458212.0,975291.0,349024.0,253.0,11.0,1.0,,,11922.0,237.0,11677.0,,,2020-12-04,65935.0
433,MZ,Aizawl,443.0,3740.0,404054.0,315706.0,239593.0,,,3869.0,1996.0,3014.0,75111.0,300.0,71337.0,361.0,365.0,,
434,MZ,Champhai,344.0,572.0,125370.0,74122.0,55251.0,,,407.0,299.0,319.0,5188.0,11.0,4745.0,33.0,40.0,,
435,MZ,Hnahthial,,,,,,,,136.0,143.0,185.0,1020.0,3.0,857.0,1.0,29.0,,
436,MZ,Khawzawl,,,,,,,,33.0,42.0,26.0,733.0,,688.0,2.0,,,
437,MZ,Kolasib,153.0,738.0,83054.0,50525.0,33101.0,,,165.0,94.0,154.0,7721.0,30.0,7561.0,10.0,2.0,,
438,MZ,Lawngtlai,2765.0,1838.0,117444.0,55877.0,25870.0,,129.0,274.0,98.0,245.0,6740.0,23.0,6553.0,14.0,13.0,,
439,MZ,Lunglei,263.0,1493.0,154094.0,95129.0,73298.0,,,642.0,662.0,507.0,9842.0,27.0,9053.0,71.0,36.0,,
440,MZ,Mamit,228.0,1322.0,85757.0,43678.0,28873.0,,,308.0,241.0,265.0,4854.0,12.0,4448.0,19.0,,,
441,MZ,Saiha,68.0,1116.0,56366.0,34626.0,19984.0,39.0,,420.0,107.0,345.0,5469.0,14.0,5304.0,,37.0,,
442,MZ,Saitual,,,,,,,,28.0,30.0,53.0,471.0,2.0,420.0,3.0,21.0,,
443,MZ,Serchhip,36.0,431.0,64875.0,41932.0,36047.0,,,488.0,386.0,572.0,4210.0,10.0,3646.0,65.0,67.0,,
444,NL,Dimapur,2827.0,12731.0,379769.0,268405.0,175502.0,2.0,-1.0,74.0,68.0,73.0,14684.0,421.0,13471.0,3.0,13.0,2020-12-11,47020.0
445,NL,Kiphire,116.0,357.0,74033.0,13017.0,8141.0,124.0,61.0,,2.0,1.0,258.0,9.0,246.0,,,2020-12-11,1002.0
446,NL,Kohima,509.0,3038.0,270063.0,105758.0,82602.0,,,33.0,23.0,24.0,9461.0,123.0,9095.0,4.0,,2020-12-11,33986.0
447,NL,Longleng,26.0,181.0,50593.0,20577.0,15446.0,,,8.0,,7.0,307.0,2.0,286.0,,,2020-12-11,1193.0
448,NL,Mokokchung,146.0,2026.0,193171.0,69198.0,54730.0,,,7.0,23.0,5.0,2333.0,54.0,2186.0,3.0,2.0,2020-12-11,3976.0
449,NL,Mon,243.0,1864.0,259604.0,70054.0,48331.0,28.0,20.0,,1.0,,1159.0,14.0,1124.0,,,2020-12-11,12278.0
450,NL,Peren,189.0,613.0,163294.0,19956.0,12514.0,29.0,1.0,5.0,1.0,1.0,920.0,6.0,897.0,,,2020-12-11,5717.0
451,NL,Phek,99.0,496.0,163294.0,31241.0,20746.0,168.0,21.0,5.0,4.0,1.0,601.0,18.0,568.0,,,2020-12-11,2779.0
452,NL,Tuensang,106.0,525.0,414801.0,38130.0,26725.0,122.0,41.0,28.0,2.0,28.0,1094.0,12.0,1077.0,1.0,6.0,2020-12-11,4887.0
453,NL,Wokha,122.0,1074.0,166239.0,35138.0,23577.0,232.0,11.0,2.0,6.0,4.0,402.0,11.0,361.0,,,2020-12-11,1390.0
454,NL,Zunheboto,331.0,807.0,141014.0,38077.0,22337.0,106.0,36.0,,,,623.0,15.0,593.0,,,2020-12-11,2131.0
455,OR,Angul,21629.0,23378.0,1271703.0,786278.0,291800.0,38.0,9.0,18.0,16.0,20.0,43920.0,393.0,43506.0,1.0,3.0,2021-01-27,172873.0
456,OR,Balangir,20119.0,39059.0,1648574.0,960786.0,299153.0,,,17.0,4.0,15.0,23397.0,126.0,23257.0,,,2020-10-11,87867.0
457,OR,Balasore,78274.0,35314.0,2317419.0,1351099.0,534318.0,519.0,929.0,94.0,67.0,80.0,40787.0,299.0,40389.0,5.0,14.0,2020-05-17,9843.0
458,OR,Bargarh,52192.0,32028.0,1478833.0,829092.0,283966.0,30.0,169.0,18.0,18.0,16.0,31126.0,335.0,30762.0,,1.0,,
459,OR,Bhadrak,14511.0,38206.0,1506522.0,1026493.0,367945.0,17.0,,32.0,44.0,39.0,26480.0,150.0,26260.0,3.0,7.0,2021-01-31,258173.0
460,OR,Boudh,7009.0,16754.0,439917.0,259325.0,92297.0,1585.0,496.0,3.0,,4.0,12634.0,112.0,12488.0,,,2020-05-17,496.0
461,OR,Cuttack,75381.0,45717.0,2618708.0,1434524.0,702278.0,1129.0,2729.0,326.0,277.0,304.0,94631.0,857.0,93404.0,54.0,29.0,2020-05-17,5720.0
462,OR,Deogarh,1126.0,4779.0,312164.0,223405.0,63727.0,136.0,1.0,4.0,41.0,10.0,6553.0,50.0,6460.0,2.0,3.0,2020-05-17,682.0
463,OR,Dhenkanal,18302.0,23327.0,1192948.0,738406.0,282859.0,104.0,92.0,14.0,25.0,16.0,19871.0,243.0,19598.0,5.0,,2021-01-31,179477.0
464,OR,Gajapati,4770.0,10942.0,575880.0,288963.0,115535.0,1193.0,296.0,11.0,15.0,11.0,9657.0,84.0,9555.0,5.0,,2020-05-17,715.0
465,OR,Ganjam,27002.0,112716.0,3520151.0,2214981.0,1698328.0,1848.0,438.0,25.0,22.0,18.0,33849.0,485.0,33342.0,8.0,2.0,2021-01-31,750442.0
466,OR,Jagatsinghpur,28276.0,25051.0,1136604.0,677675.0,272499.0,2.0,-2.0,72.0,76.0,78.0,27920.0,316.0,27510.0,9.0,12.0,2020-09-15,46648.0
467,OR,Jajpur,30726.0,37471.0,1826275.0,1087735.0,383313.0,9.0,2.0,76.0,75.0,73.0,43735.0,172.0,43461.0,9.0,8.0,2020-08-23,53956.0
468,OR,Jharsuguda,7187.0,14725.0,579499.0,399523.0,189682.0,,,11.0,13.0,10.0,23863.0,176.0,23673.0,3.0,,2020-05-17,1663.0
469,OR,Kalahandi,38214.0,26926.0,1573054.0,921185.0,304778.0,537.0,1476.0,5.0,15.0,1.0,24314.0,210.0,24082.0,2.0,,2020-05-17,1458.0
470,OR,Kandhamal,12881.0,12319.0,731952.0,384009.0,150737.0,529.0,847.0,2.0,,5.0,11537.0,83.0,11453.0,,,2020-05-17,1516.0
471,OR,Kendrapara,28635.0,34297.0,1439891.0,916169.0,347854.0,1179.0,1452.0,88.0,62.0,52.0,24860.0,252.0,24545.0,8.0,8.0,2020-10-19,382732.0
472,OR,Kendujhar,25529.0,46488.0,1802777.0,1087285.0,376311.0,613.0,483.0,20.0,4.0,3.0,20980.0,175.0,20798.0,1.0,2.0,2021-02-01,474504.0
473,OR,Khordha,34733.0,49859.0,2246341.0,2063646.0,1502538.0,1482.0,568.0,1704.0,1492.0,1654.0,175335.0,1552.0,171938.0,250.0,243.0,,
474,OR,Koraput,13011.0,35701.0,1376934.0,860773.0,399063.0,2024.0,935.0,23.0,11.0,20.0,19137.0,78.0,19044.0,1.0,2.0,2020-05-17,1401.0
475,OR,Malkangiri,13449.0,16141.0,612727.0,391790.0,137925.0,2000.0,2497.0,2.0,2.0,4.0,11667.0,49.0,11613.0,,3.0,2020-05-17,1841.0
476,OR,Mayurbhanj,86170.0,36315.0,2513895.0,1222153.0,413698.0,654.0,2985.0,129.0,126.0,93.0,40844.0,286.0,40416.0,19.0,8.0,2020-05-17,3307.0
477,OR,Nabarangapur,13213.0,18025.0,1218762.0,675601.0,188457.0,,,6.0,1.0,2.0,23549.0,86.0,23461.0,,,2021-01-25,162154.0
478,OR,Nayagarh,7145.0,22575.0,962215.0,593612.0,222606.0,117.0,29.0,33.0,28.0,24.0,23505.0,212.0,23261.0,2.0,3.0,2020-05-17,1104.0
479,OR,Nuapada,3391.0,14721.0,606490.0,402248.0,129685.0,58.0,6.0,11.0,36.0,5.0,22924.0,84.0,22803.0,1.0,3.0,2020-05-17,310.0
480,OR,Puri,25187.0,40854.0,1697983.0,1078666.0,523160.0,6548.0,2991.0,91.0,68.0,69.0,45431.0,459.0,44903.0,15.0,7.0,2020-12-01,173340.0
481,OR,Rayagada,5781.0,16558.0,961959.0,549767.0,184420.0,2019.0,537.0,14.0,18.0,16.0,20224.0,167.0,19981.0,6.0,3.0,2020-05-17,578.0
482,OR,Sambalpur,8960.0,31518.0,1044410.0,768989.0,418110.0,1479.0,574.0,62.0,88.0,113.0,31651.0,240.0,31315.0,13.0,24.0,2020-05-17,2007.0
483,OR,State Pool,,,,,,,,407.0,338.0,401.0,32048.0,,31587.0,53.0,57.0,,
484,OR,Subarnapur,8102.0,31803.0,652107.0,418336.0,192102.0,,,5.0,5.0,3.0,13187.0,61.0,13115.0,,,,
485,OR,Sundargarh,19935.0,22587.0,2080664.0,1122762.0,490428.0,340.0,824.0,58.0,59.0,71.0,61841.0,594.0,61167.0,13.0,8.0,,
486,PB,Amritsar,23376.0,18084.0,2490891.0,1263073.0,446487.0,251.0,232.0,8.0,23.0,9.0,47379.0,1598.0,45757.0,4.0,1.0,2020-09-02,89227.0
487,PB,Barnala,9552.0,5253.0,596294.0,328464.0,104197.0,291.0,629.0,2.0,2.0,,5950.0,244.0,5696.0,,,2020-12-20,63447.0
488,PB,Bathinda,8246.0,6940.0,1388859.0,623604.0,202311.0,182.0,110.0,10.0,15.0,8.0,41728.0,1042.0,40668.0,1.0,,2020-12-20,118489.0
489,PB,Faridkot,3048.0,4201.0,618008.0,330654.0,128653.0,241.0,154.0,7.0,7.0,7.0,13927.0,315.0,13602.0,1.0,1.0,2020-09-02,23635.0
490,PB,Fatehgarh Sahib,2513.0,4804.0,599814.0,354921.0,135247.0,17.0,9.0,2.0,2.0,1.0,8876.0,335.0,8538.0,,,2020-12-20,68436.0
491,PB,Fazilka,8408.0,5707.0,1180483.0,490080.0,131519.0,177.0,249.0,6.0,8.0,4.0,20271.0,528.0,19729.0,1.0,1.0,2020-12-10,63589.0
492,PB,Ferozepur,4483.0,4723.0,2026831.0,476343.0,128043.0,73.0,130.0,6.0,13.0,9.0,14347.0,504.0,13832.0,4.0,3.0,2020-12-20,74880.0
493,PB,Gurdaspur,18212.0,26825.0,2299026.0,862133.0,415351.0,351.0,459.0,1.0,3.0,3.0,22381.0,801.0,21576.0,,,2020-12-20,249039.0
494,PB,Hoshiarpur,6567.0,17487.0,1582793.0,1000636.0,574716.0,211.0,87.0,12.0,10.0,12.0,30822.0,986.0,29828.0,2.0,2.0,2020-12-20,221261.0
495,PB,Jalandhar,13877.0,22309.0,2181753.0,1433553.0,681370.0,507.0,167.0,14.0,20.0,12.0,63396.0,1496.0,61864.0,1.0,1.0,2020-12-20,443735.0
496,PB,Kapurthala,5387.0,6146.0,817668.0,465285.0,187476.0,174.0,93.0,8.0,2.0,7.0,17852.0,556.0,17294.0,,,2020-09-02,38658.0
497,PB,Ludhiana,41184.0,30055.0,3487882.0,2473646.0,943401.0,276.0,327.0,15.0,16.0,24.0,87608.0,2106.0,85484.0,,4.0,2020-12-20,514691.0
498,PB,Mansa,5340.0,4111.0,768808.0,372366.0,89830.0,166.0,128.0,1.0,,1.0,15606.0,380.0,15226.0,,,2020-09-02,26878.0
499,PB,Moga,5076.0,6757.0,992289.0,541556.0,178908.0,7.0,9.0,2.0,1.0,8.0,8675.0,233.0,8440.0,,,2020-12-20,77307.0
500,PB,Pathankot,1762.0,6090.0,626154.0,424889.0,196822.0,278.0,52.0,14.0,20.0,7.0,18814.0,419.0,18373.0,6.0,1.0,2020-09-02,29112.0
501,PB,Patiala,7659.0,10721.0,2892282.0,1051467.0,396473.0,526.0,239.0,12.0,6.0,15.0,48927.0,1358.0,47561.0,,2.0,2020-12-20,273344.0
502,PB,Rupnagar,1965.0,5708.0,683349.0,384637.0,182919.0,202.0,88.0,3.0,20.0,7.0,12963.0,423.0,12517.0,2.0,3.0,2020-12-20,97745.0
503,PB,S.A.S. Nagar,4914.0,9234.0,986147.0,872096.0,402212.0,425.0,95.0,27.0,18.0,21.0,68821.0,1068.0,67726.0,3.0,5.0,2020-09-02,41532.0
504,PB,Sangrur,13224.0,9058.0,1654408.0,730511.0,218820.0,157.0,219.0,3.0,3.0,3.0,15762.0,875.0,14884.0,1.0,1.0,2020-12-19,166332.0
505,PB,Shahid Bhagat Singh Nagar,2473.0,4917.0,614362.0,392113.0,172294.0,78.0,54.0,3.0,1.0,1.0,11469.0,388.0,11080.0,,,2020-12-20,77715.0
506,PB,Sri Muktsar Sahib,3942.0,5830.0,902702.0,473193.0,142901.0,149.0,91.0,,2.0,,18784.0,524.0,18257.0,,,2020-12-12,67979.0
507,PB,Tarn Taran,8846.0,8145.0,1120070.0,597303.0,178839.0,127.0,251.0,3.0,,3.0,8043.0,380.0,7659.0,,,2020-12-18,111446.0
508,PY,Karaikal,763.0,2980.0,200222.0,111152.0,57491.0,22.0,2.0,69.0,53.0,63.0,16488.0,250.0,16150.0,6.0,9.0,2021-01-27,73142.0
509,PY,Mahe,109.0,1003.0,41816.0,34018.0,25943.0,,,44.0,58.0,46.0,5867.0,47.0,5744.0,10.0,10.0,2021-01-27,42415.0
510,PY,Puducherry,7191.0,15005.0,950289.0,558708.0,305464.0,477.0,159.0,218.0,163.0,202.0,98885.0,1453.0,97171.0,22.0,25.0,2021-01-27,425639.0
511,PY,Yanam,259.0,1082.0,55626.0,30079.0,15489.0,31.0,8.0,12.0,4.0,4.0,6773.0,107.0,6661.0,,1.0,2021-01-27,26727.0
512,RJ,Ajmer,9133.0,56199.0,2584913.0,1752308.0,1042482.0,1101.0,110.0,5.0,6.0,8.0,37769.0,410.0,37352.0,,,2021-02-01,261215.0
513,RJ,Alwar,21681.0,29417.0,3671999.0,2237787.0,1029095.0,1002.0,376.0,,,,59694.0,307.0,59387.0,,,2021-02-01,291879.0
514,RJ,BSF Camp,,,,,,,,,,,85.0,,85.0,,,,
515,RJ,Banswara,10612.0,22206.0,1798194.0,1024293.0,525793.0,1105.0,986.0,,,,10005.0,104.0,9901.0,,,2021-02-01,48781.0
516,RJ,Baran,6599.0,15157.0,1223921.0,763006.0,297741.0,212.0,44.0,,1.0,,11996.0,61.0,11934.0,,,2021-02-01,46168.0
517,RJ,Barmer,5670.0,16673.0,2604453.0,1455732.0,621465.0,247.0,64.0,,1.0,,15563.0,185.0,15377.0,,,2021-02-01,113868.0
518,RJ,Bharatpur,10069.0,22595.0,2549121.0,1351114.0,590401.0,176.0,59.0,,,,19601.0,260.0,19341.0,,,2021-02-01,201441.0
519,RJ,Bhilwara,5405.0,26146.0,2410459.0,1525323.0,723691.0,1752.0,161.0,,,,29781.0,156.0,29625.0,,,2021-02-01,148764.0
520,RJ,Bikaner,6565.0,17712.0,2367745.0,1461174.0,714590.0,275.0,76.0,7.0,2.0,1.0,40339.0,545.0,39792.0,,1.0,2021-02-01,278302.0
521,RJ,Bundi,12488.0,24243.0,1113725.0,709316.0,362835.0,1216.0,424.0,,,,7967.0,48.0,7919.0,,,2021-02-01,58167.0
522,RJ,Chittorgarh,6118.0,29167.0,1544392.0,978713.0,482350.0,43.0,21.0,,,,19809.0,139.0,19670.0,,,2021-02-01,116002.0
523,RJ,Churu,5483.0,26038.0,2041172.0,1301558.0,582443.0,32.0,5.0,,,,16720.0,107.0,16613.0,,,2021-02-01,131700.0
524,RJ,Dausa,5627.0,29672.0,1637226.0,941513.0,395584.0,1072.0,182.0,,,,13351.0,62.0,13289.0,,,2021-02-01,61680.0
525,RJ,Dholpur,4270.0,11868.0,1207293.0,660103.0,279501.0,83.0,45.0,1.0,,2.0,11010.0,48.0,10962.0,,1.0,2021-02-01,121308.0
526,RJ,Dungarpur,6673.0,19241.0,1388906.0,737200.0,349762.0,246.0,90.0,,,,18407.0,131.0,18276.0,,,2021-02-01,121917.0
527,RJ,Evacuees,,,,,,,,,,,61.0,,61.0,,,,
528,RJ,Ganganagar,11153.0,29478.0,1969520.0,1278952.0,525137.0,1957.0,749.0,,1.0,,19354.0,150.0,19203.0,,,2021-02-01,80706.0
529,RJ,Hanumangarh,5057.0,30733.0,1779650.0,1230511.0,588688.0,478.0,72.0,,,,16053.0,111.0,15942.0,,,2021-02-01,82542.0
530,RJ,Italians,,,,,,,,,,,2.0,,2.0,,,,
531,RJ,Jaipur,24518.0,63582.0,6663971.0,4582410.0,2189042.0,1871.0,570.0,9.0,16.0,9.0,187804.0,1970.0,185816.0,2.0,,2021-02-01,968783.0
532,RJ,Jaisalmer,2951.0,9700.0,672008.0,416014.0,194163.0,474.0,199.0,,,,13639.0,66.0,13573.0,,,2021-02-01,80082.0
533,RJ,Jalore,9304.0,26896.0,1830151.0,987519.0,393953.0,738.0,309.0,,,,10067.0,72.0,9995.0,,,2021-02-01,184172.0
534,RJ,Jhalawar,2527.0,16443.0,1411327.0,922646.0,363082.0,2133.0,359.0,1.0,,,13612.0,187.0,13425.0,,,2021-02-01,97163.0
535,RJ,Jhunjhunu,7946.0,42099.0,2139658.0,1449967.0,787196.0,1682.0,267.0,,,,14811.0,158.0,14653.0,,,2021-02-01,123433.0
536,RJ,Jodhpur,7707.0,22507.0,3685681.0,2263325.0,1036743.0,93.0,26.0,2.0,,3.0,112412.0,1103.0,111308.0,,,2021-02-01,600959.0
537,RJ,Karauli,19063.0,20813.0,1458459.0,813922.0,395700.0,993.0,1578.0,,,,7156.0,70.0,7086.0,,,2021-02-01,64481.0
538,RJ,Kota,2612.0,26626.0,1950491.0,1269245.0,655588.0,2306.0,170.0,,,,57053.0,449.0,56603.0,,,2021-02-01,355509.0
539,RJ,Nagaur,6806.0,36157.0,3309234.0,2077555.0,1016874.0,3335.0,636.0,,,,17737.0,177.0,17560.0,,,2021-02-01,229822.0
540,RJ,Other State,,,,,,,,,,,189.0,39.0,150.0,,,,
541,RJ,Pali,7082.0,26853.0,2038533.0,1200554.0,513058.0,3089.0,704.0,1.0,,1.0,27324.0,287.0,27037.0,,,2021-02-01,179463.0
542,RJ,Pratapgarh,1130.0,25717.0,868231.0,655140.0,345189.0,298.0,39.0,,,,7143.0,63.0,7080.0,,,2021-02-01,52208.0
543,RJ,Rajsamand,4092.0,14945.0,1158283.0,691497.0,299553.0,988.0,345.0,,,,17044.0,169.0,16875.0,,,2021-02-01,91975.0
544,RJ,Sawai Madhopur,8475.0,18843.0,1338114.0,756544.0,347992.0,844.0,268.0,2.0,,2.0,10618.0,61.0,10557.0,,,2021-02-01,84683.0
545,RJ,Sikar,4520.0,20308.0,2677737.0,1838263.0,821713.0,130.0,39.0,,,,30618.0,335.0,30283.0,,,2021-02-01,165042.0
546,RJ,Sirohi,9007.0,15482.0,1037185.0,610090.0,348789.0,589.0,480.0,,,,13732.0,79.0,13653.0,,,2021-02-01,84616.0
547,RJ,Tonk,2623.0,16223.0,1421711.0,884688.0,419023.0,268.0,48.0,,,,9498.0,92.0,9406.0,,,2021-02-01,74225.0
548,RJ,Udaipur,16803.0,51655.0,3067549.0,1715072.0,854773.0,2727.0,1169.0,3.0,,,56405.0,753.0,55652.0,,,2021-02-01,251522.0
549,SK,East Sikkim,528.0,10519.0,281293.0,263526.0,229361.0,,,,,,,,,,,,
550,SK,North Sikkim,23.0,447.0,43354.0,33137.0,27820.0,,,,,,,,,,,,
551,SK,South Sikkim,164.0,2223.0,146742.0,121481.0,105432.0,,,,,,,,,,,,
552,SK,Unknown,,,,,,,,82.0,79.0,76.0,31979.0,396.0,31063.0,21.0,8.0,,
553,SK,West Sikkim,67.0,855.0,136299.0,103619.0,88896.0,,,,,,,,,,,,
554,TG,Adilabad,11894.0,12694.0,708952.0,376263.0,89337.0,138.0,165.0,,,,,,,,,,
555,TG,Bhadradri Kothagudem,30988.0,31905.0,1304811.0,599183.0,204318.0,1314.0,1570.0,,,,,,,,,,
556,TG,Hyderabad,48855.0,123025.0,3441992.0,3150245.0,1893217.0,5427.0,3334.0,,,,,,,,,,
557,TG,Jagtial,50253.0,17153.0,983414.0,580926.0,190526.0,,,,,,,,,,,,
558,TG,Jangaon,20821.0,11508.0,582457.0,327527.0,128207.0,363.0,2637.0,,,,,,,,,,
559,TG,Jayashankar Bhupalapally,4191.0,23712.0,712257.0,262313.0,127108.0,262.0,125.0,,,,,,,,,,
560,TG,Jogulamba Gadwal,23908.0,6281.0,664971.0,306919.0,59886.0,253.0,496.0,,,,,,,,,,
561,TG,Kamareddy,14692.0,16918.0,972625.0,557684.0,183176.0,78.0,320.0,,,,,,,,,,
562,TG,Karimnagar,12731.0,45384.0,1016063.0,657167.0,384862.0,486.0,65.0,,,,,,,,,,
563,TG,Khammam,41893.0,68994.0,1401639.0,856707.0,333812.0,1134.0,789.0,,,,,,,,,,
564,TG,Komaram Bheem,17465.0,4048.0,515835.0,275644.0,51593.0,136.0,569.0,,,,,,,,,,
565,TG,Mahabubabad,36700.0,27419.0,1318110.0,468199.0,172007.0,1107.0,3715.0,,,,,,,,,,
566,TG,Mahabubnagar,32811.0,19635.0,,482547.0,150640.0,184.0,609.0,,,,,,,,,,
567,TG,Mancherial,22489.0,15600.0,807037.0,480069.0,170258.0,27.0,65.0,,,,,,,,,,
568,TG,Medak,34422.0,25162.0,767428.0,458648.0,140778.0,589.0,704.0,,,,,,,,,,
569,TG,Medchal Malkajgiri,54568.0,93893.0,2542203.0,2149958.0,1317832.0,8370.0,5804.0,,,,,,,,,,
570,TG,Mulugu,4190.0,10660.0,294671.0,186104.0,76648.0,85.0,71.0,,,,,,,,,,
571,TG,Nagarkurnool,30265.0,5469.0,893308.0,464888.0,106589.0,18.0,730.0,,,,,,,,,,
572,TG,Nalgonda,105864.0,33747.0,1631399.0,891308.0,254218.0,448.0,859.0,,,,,,,,,,
573,TG,Narayanpet,14266.0,3428.0,566874.0,288388.0,50219.0,48.0,585.0,,,,,,,,,,
574,TG,Nirmal,16044.0,8396.0,709415.0,378315.0,130107.0,255.0,744.0,,,,,,,,,,
575,TG,Nizamabad,67852.0,21328.0,1534428.0,858574.0,250862.0,42.0,276.0,,,,,,,,,,
576,TG,Peddapalli,18954.0,19908.0,795332.0,463510.0,201940.0,40.0,79.0,,,,,,,,,,
577,TG,Rajanna Sircilla,7398.0,17056.0,546121.0,372065.0,144680.0,100.0,10.0,,,,,,,,,,
578,TG,Ranga Reddy,76853.0,93482.0,2551731.0,2348542.0,1291404.0,1168.0,217.0,,,,,,,,,,
579,TG,Sangareddy,77693.0,32539.0,1527628.0,851395.0,299316.0,3083.0,7628.0,,,,,,,,,,
580,TG,Siddipet,35164.0,25015.0,993376.0,582450.0,242462.0,187.0,197.0,,,,,,,,,,
581,TG,Suryapet,38975.0,24793.0,1099560.0,610724.0,208278.0,1.0,20.0,,,,,,,,,,
582,TG,Unknown,,,,,,,,1068.0,1189.0,1121.0,671463.0,3956.0,663498.0,121.0,183.0,,
583,TG,Vikarabad,20014.0,5848.0,881250.0,427669.0,87989.0,12.0,111.0,,,,,,,,,,
584,TG,Wanaparthy,13905.0,10313.0,751553.0,289412.0,81870.0,119.0,243.0,,,,,,,,,,
585,TG,Warangal Rural,25045.0,13208.0,716457.0,342881.0,105289.0,1350.0,2416.0,,,,,,,,,,
586,TG,Warangal Urban,21854.0,63907.0,1135707.0,687410.0,418947.0,101.0,42.0,,,,,,,,,,
587,TG,Yadadri Bhuvanagiri,38752.0,28567.0,726465.0,463854.0,223506.0,739.0,4429.0,,,,,,,,,,
588,TN,Airport Quarantine,,,,,,,,3.0,1.0,1.0,2113.0,2.0,2107.0,,,,
589,TN,Ariyalur,19203.0,29689.0,752481.0,475390.0,157166.0,3941.0,1127.0,51.0,35.0,44.0,16854.0,261.0,16548.0,5.0,3.0,2020-07-23,18285.0
590,TN,Chengalpattu,26704.0,39438.0,2556244.0,1337641.0,604784.0,3415.0,3145.0,658.0,627.0,706.0,171777.0,2506.0,168327.0,83.0,93.0,2020-07-23,51771.0
591,TN,Chennai,52515.0,124932.0,7100000.0,4532809.0,2671294.0,8535.0,4126.0,1162.0,880.0,1093.0,554672.0,8546.0,544701.0,118.0,143.0,2021-02-01,2667777.0
592,TN,Coimbatore,20971.0,79387.0,3472578.0,2717202.0,1205484.0,2853.0,770.0,965.0,869.0,988.0,246780.0,2416.0,243070.0,120.0,126.0,2020-07-23,102107.0
593,TN,Cuddalore,51773.0,101735.0,2600880.0,1529591.0,646400.0,22186.0,9299.0,141.0,129.0,132.0,64085.0,867.0,62997.0,16.0,18.0,2020-07-23,36434.0
594,TN,Dharmapuri,13388.0,27153.0,1502900.0,770955.0,279901.0,1674.0,811.0,177.0,110.0,161.0,28425.0,274.0,27957.0,16.0,21.0,2020-12-22,163803.0
595,TN,Dindigul,19630.0,57260.0,2161367.0,1236504.0,493453.0,1040.0,321.0,64.0,58.0,51.0,33099.0,645.0,32348.0,9.0,7.0,2020-07-23,27800.0
596,TN,Erode,16741.0,46724.0,2259608.0,1370925.0,552624.0,899.0,244.0,549.0,477.0,573.0,104303.0,686.0,102836.0,68.0,94.0,2020-07-23,66240.0
597,TN,Kallakurichi,22603.0,52087.0,1370281.0,696213.0,299822.0,7322.0,4089.0,112.0,66.0,118.0,31364.0,210.0,31056.0,14.0,23.0,2020-07-23,28314.0
598,TN,Kancheepuram,13961.0,24360.0,1166401.0,663206.0,250181.0,1040.0,679.0,237.0,225.0,259.0,74970.0,1258.0,73386.0,30.0,37.0,2020-07-23,37505.0
599,TN,Kanyakumari,17732.0,51185.0,1863178.0,1100888.0,450620.0,1276.0,431.0,132.0,120.0,102.0,62362.0,1048.0,61112.0,17.0,12.0,2020-07-23,79600.0
600,TN,Karur,5882.0,32339.0,1076588.0,626136.0,289120.0,834.0,74.0,80.0,136.0,90.0,24091.0,356.0,23523.0,20.0,16.0,2020-07-23,17190.0
601,TN,Krishnagiri,15883.0,37027.0,1883731.0,1040491.0,407695.0,1731.0,404.0,141.0,134.0,160.0,43570.0,348.0,43036.0,16.0,19.0,2020-07-23,14284.0
602,TN,Madurai,26340.0,42498.0,3991038.0,1500331.0,583138.0,2012.0,1060.0,132.0,99.0,122.0,75215.0,1172.0,73853.0,13.0,17.0,2020-07-23,97279.0
603,TN,Mayiladuthurai,,,901000.0,,,,,82.0,41.0,80.0,23280.0,316.0,22878.0,3.0,10.0,,
604,TN,Nagapattinam,8662.0,23176.0,1614069.0,813495.0,289588.0,953.0,273.0,145.0,97.0,121.0,21074.0,346.0,20561.0,16.0,20.0,2020-07-23,20984.0
605,TN,Namakkal,12694.0,28265.0,1721179.0,987830.0,397079.0,442.0,168.0,376.0,315.0,397.0,52245.0,498.0,51253.0,43.0,51.0,2020-07-23,24758.0
606,TN,Nilgiris,1613.0,31952.0,735071.0,501986.0,343811.0,1092.0,71.0,197.0,124.0,220.0,33566.0,212.0,33164.0,20.0,25.0,2020-07-23,45839.0
607,TN,Perambalur,4307.0,17440.0,564511.0,326872.0,136491.0,2161.0,383.0,24.0,26.0,27.0,12067.0,243.0,11790.0,2.0,5.0,2020-07-23,7981.0
608,TN,Pudukkottai,10691.0,34202.0,1918725.0,827320.0,314780.0,2862.0,554.0,95.0,75.0,68.0,30183.0,416.0,29627.0,12.0,8.0,2020-07-23,20835.0
609,TN,Railway Quarantine,,,,,,,,,,,428.0,,428.0,,,,
610,TN,Ramanathapuram,9961.0,32447.0,1337560.0,660673.0,280037.0,2329.0,852.0,59.0,25.0,55.0,20564.0,357.0,20158.0,3.0,6.0,2020-07-23,23389.0
611,TN,Ranipet,10793.0,13744.0,1210277.0,557267.0,174051.0,485.0,506.0,85.0,69.0,73.0,43436.0,775.0,42557.0,14.0,14.0,2020-07-23,20118.0
612,TN,Salem,25814.0,66134.0,3480008.0,1925084.0,791376.0,2125.0,396.0,395.0,427.0,442.0,99893.0,1685.0,97619.0,62.0,67.0,2020-07-23,79660.0
613,TN,Sivaganga,10170.0,31816.0,1341250.0,726010.0,287468.0,564.0,195.0,75.0,82.0,78.0,20195.0,206.0,19854.0,13.0,9.0,2020-07-23,25824.0
614,TN,Tenkasi,16935.0,21454.0,1407627.0,736882.0,233177.0,446.0,291.0,13.0,25.0,14.0,27357.0,484.0,26834.0,4.0,4.0,2020-07-23,26338.0
615,TN,Thanjavur,49025.0,31228.0,2402781.0,1224986.0,486660.0,2378.0,12155.0,426.0,310.0,428.0,75352.0,972.0,73874.0,37.0,59.0,2020-07-23,67445.0
616,TN,Theni,11199.0,33309.0,1243684.0,660187.0,304832.0,1536.0,379.0,30.0,15.0,23.0,43571.0,521.0,43018.0,1.0,5.0,2020-07-23,45839.0
617,TN,Thiruvallur,25332.0,47695.0,3725697.0,1425728.0,563426.0,4382.0,2328.0,421.0,252.0,396.0,119370.0,1842.0,117138.0,28.0,55.0,2020-07-23,67948.0
618,TN,Thiruvarur,13453.0,29614.0,1268094.0,630274.0,246969.0,624.0,291.0,242.0,170.0,253.0,41461.0,442.0,40760.0,23.0,22.0,2020-07-23,67445.0
619,TN,Thoothukkudi,46323.0,22453.0,1738376.0,984706.0,328797.0,1612.0,11497.0,105.0,85.0,90.0,56304.0,409.0,55757.0,11.0,9.0,2020-07-23,49288.0
620,TN,Tiruchirappalli,32150.0,48874.0,2713858.0,1468456.0,636356.0,892.0,2445.0,331.0,302.0,334.0,77534.0,1059.0,76038.0,37.0,49.0,2020-08-07,92586.0
621,TN,Tirunelveli,22582.0,19904.0,1665253.0,815687.0,275985.0,627.0,940.0,115.0,93.0,125.0,49374.0,432.0,48812.0,11.0,13.0,2020-07-23,54208.0
622,TN,Tirupathur,11111.0,24743.0,1111812.0,541496.0,205219.0,525.0,311.0,61.0,50.0,66.0,29301.0,625.0,28600.0,10.0,8.0,2020-07-23,23998.0
623,TN,Tiruppur,20414.0,50762.0,2471222.0,1671392.0,611015.0,443.0,133.0,556.0,504.0,537.0,95405.0,979.0,93683.0,69.0,53.0,2020-07-23,36301.0
624,TN,Tiruvannamalai,31415.0,73235.0,2468965.0,1270049.0,533376.0,10228.0,4455.0,142.0,120.0,158.0,54968.0,667.0,54122.0,18.0,28.0,2020-07-23,76170.0
625,TN,Vellore,18978.0,31716.0,1614242.0,763735.0,336366.0,1825.0,953.0,119.0,117.0,139.0,49864.0,1131.0,48564.0,12.0,15.0,2020-07-23,47936.0
626,TN,Viluppuram,53748.0,67153.0,2093003.0,1085842.0,444502.0,11812.0,12953.0,84.0,79.0,83.0,45857.0,356.0,45382.0,10.0,11.0,2020-07-23,52064.0
627,TN,Virudhunagar,16628.0,50467.0,1943309.0,1072788.0,505098.0,3437.0,1007.0,45.0,38.0,45.0,46294.0,548.0,45687.0,5.0,8.0,2020-07-23,28620.0
628,TR,Dhalai,264.0,11234.0,377988.0,258334.0,164654.0,531.0,5.0,,1.0,2.0,7037.0,35.0,7000.0,,,2021-02-02,61582.0
629,TR,Gomati,319.0,9611.0,436868.0,279099.0,161408.0,1.0,,3.0,8.0,3.0,8134.0,74.0,8043.0,,,2021-02-02,47437.0
630,TR,Khowai,373.0,5866.0,327391.0,202148.0,111955.0,,,1.0,3.0,,4559.0,54.0,4500.0,2.0,,2021-02-02,24046.0
631,TR,North Tripura,352.0,4099.0,415946.0,283802.0,190594.0,,,8.0,4.0,8.0,7250.0,34.0,7199.0,2.0,,2021-02-02,100931.0
632,TR,Sipahijala,451.0,10397.0,484233.0,330932.0,211903.0,9.0,,2.0,8.0,4.0,6360.0,75.0,6273.0,,,2021-02-02,53067.0
633,TR,South Tripura,267.0,5639.0,433737.0,303987.0,209259.0,1.0,,1.0,4.0,1.0,10168.0,53.0,10104.0,1.0,,2021-02-02,83030.0
634,TR,Unokoti,762.0,10307.0,277335.0,173390.0,101178.0,5.0,,1.0,4.0,3.0,8609.0,68.0,8530.0,1.0,,2021-02-02,34930.0
635,TR,West Tripura,1366.0,17141.0,917534.0,676784.0,470030.0,13.0,5.0,33.0,55.0,41.0,32351.0,420.0,31817.0,6.0,2.0,2021-02-02,202939.0
636,UP,Agra,23657.0,42953.0,4380793.0,2172907.0,746386.0,265.0,178.0,3.0,,2.0,25765.0,457.0,25308.0,,,2021-01-31,491361.0
637,UP,Aligarh,34650.0,57576.0,3673849.0,1589498.0,498586.0,25.0,9.0,2.0,,,21280.0,108.0,21172.0,,,2021-01-31,482825.0
638,UP,Ambedkar Nagar,21528.0,32042.0,2398709.0,1135268.0,349925.0,145.0,138.0,,1.0,,5040.0,152.0,4885.0,,,2021-01-31,123151.0
639,UP,Amethi,19777.0,37617.0,2549935.0,1015454.0,375261.0,11.0,165.0,7.0,,2.0,9972.0,143.0,9828.0,,,2021-01-31,267014.0
640,UP,Amroha,16080.0,23048.0,1838771.0,871164.0,265607.0,8.0,6.0,,,,16616.0,203.0,16412.0,,,2021-01-13,254038.0
641,UP,Auraiya,6878.0,16443.0,1372287.0,614711.0,180775.0,,,1.0,,,10090.0,203.0,9887.0,,,2021-01-10,107079.0
642,UP,Ayodhya,26036.0,37279.0,2468371.0,1270889.0,418182.0,452.0,217.0,,,1.0,16919.0,290.0,16629.0,,,2021-01-31,376735.0
643,UP,Azamgarh,41754.0,63205.0,4616509.0,2165409.0,643824.0,3111.0,1764.0,,2.0,,17906.0,228.0,17675.0,,,2020-12-27,12474.0
644,UP,Baghpat,7829.0,24151.0,1302156.0,692255.0,337171.0,52.0,10.0,,,,9132.0,141.0,8991.0,,,2021-01-31,327192.0
645,UP,Bahraich,54069.0,106010.0,2384239.0,1752196.0,642554.0,1565.0,648.0,,,,11549.0,178.0,11371.0,,,2021-01-31,308225.0
646,UP,Ballia,29248.0,48334.0,3223642.0,1433455.0,388341.0,170.0,86.0,,,,21610.0,234.0,21376.0,,,2021-01-31,267420.0
647,UP,Balrampur,21033.0,56322.0,2149066.0,995084.0,438892.0,630.0,747.0,1.0,2.0,,7494.0,138.0,7354.0,1.0,,2021-01-31,276237.0
648,UP,Banda,38560.0,36938.0,1799541.0,795903.0,236840.0,432.0,486.0,,1.0,,10992.0,158.0,10832.0,,,2021-01-10,303185.0
649,UP,Barabanki,51121.0,59870.0,3257983.0,1589704.0,448292.0,44.0,11.0,,1.0,,19850.0,225.0,19624.0,,,2021-01-30,147422.0
650,UP,Bareilly,68245.0,64148.0,4465344.0,2221830.0,749751.0,255.0,6458.0,5.0,1.0,1.0,44028.0,377.0,43650.0,,,2021-01-13,465209.0
651,UP,Basti,24797.0,39395.0,2461056.0,1189235.0,399451.0,4769.0,3555.0,,2.0,,11717.0,330.0,11385.0,1.0,,2021-01-31,296570.0
652,UP,Bhadohi,15479.0,20211.0,1554203.0,793094.0,244431.0,7.0,6.0,1.0,,1.0,7720.0,163.0,7557.0,,,2021-01-31,119023.0
653,UP,Bijnor,27491.0,53680.0,3683896.0,1756682.0,600482.0,1.0,-1.0,,,,14794.0,126.0,14668.0,,,2021-01-30,312985.0
654,UP,Budaun,53729.0,43678.0,3712738.0,1408673.0,364360.0,417.0,581.0,,,,14941.0,98.0,14843.0,,,2021-01-23,224207.0
655,UP,Bulandshahr,18195.0,42644.0,3498507.0,1647985.0,646236.0,46.0,2.0,,,,20215.0,243.0,19972.0,,,2020-12-07,269090.0
656,UP,Chandauli,19998.0,31247.0,1952713.0,939599.0,238646.0,395.0,192.0,,,1.0,16208.0,356.0,15852.0,,,2021-01-31,211249.0
657,UP,Chitrakoot,13007.0,16383.0,990626.0,447303.0,129157.0,536.0,329.0,,,,7110.0,79.0,7031.0,,,2021-01-10,234060.0
658,UP,Deoria,29495.0,67895.0,3098637.0,1597034.0,537293.0,167.0,81.0,,,,20223.0,220.0,20003.0,,,2021-01-31,304520.0
659,UP,Etah,16622.0,25756.0,1761152.0,788675.0,213371.0,170.0,475.0,,,,9968.0,99.0,9868.0,,,2021-01-31,263295.0
660,UP,Etawah,52312.0,35349.0,1579160.0,708258.0,253661.0,984.0,873.0,,,,13933.0,293.0,13640.0,,,2021-01-10,297761.0
661,UP,Farrukhabad,15703.0,28433.0,1887577.0,833824.0,229745.0,439.0,81.0,,1.0,,10348.0,194.0,10153.0,,,2021-01-10,231856.0
662,UP,Fatehpur,13675.0,42615.0,2632684.0,1246314.0,410120.0,168.0,53.0,,1.0,,6814.0,139.0,6674.0,,,2021-01-10,82928.0
663,UP,Firozabad,66838.0,47728.0,2496761.0,1005224.0,328351.0,3105.0,5881.0,,,,8720.0,135.0,8585.0,,,2021-01-31,322656.0
664,UP,Gautam Buddha Nagar,22023.0,43162.0,1674714.0,1799728.0,974353.0,816.0,100.0,11.0,6.0,13.0,63353.0,467.0,62876.0,1.0,2.0,2021-01-24,675396.0
665,UP,Ghaziabad,47837.0,71692.0,4661452.0,2247039.0,1071908.0,4330.0,3698.0,4.0,3.0,2.0,55673.0,461.0,55207.0,1.0,,2021-01-24,712611.0
666,UP,Ghazipur,22615.0,43797.0,3622727.0,1690195.0,509886.0,524.0,241.0,1.0,,2.0,21641.0,282.0,21359.0,,,2021-01-31,265737.0
667,UP,Gonda,22042.0,51150.0,3431386.0,1604382.0,555773.0,1698.0,40.0,,,,12282.0,266.0,12016.0,,,2021-01-31,241234.0
668,UP,Gorakhpur,33169.0,69539.0,4436275.0,2347051.0,889085.0,377.0,96.0,3.0,1.0,4.0,59439.0,848.0,58588.0,,1.0,2021-01-31,480536.0
669,UP,Hamirpur,11985.0,14350.0,1104021.0,561456.0,185949.0,,3.0,,,,5232.0,102.0,5130.0,,,2021-01-10,240382.0
670,UP,Hapur,15823.0,21964.0,1338211.0,658863.0,254519.0,307.0,127.0,,,2.0,12638.0,217.0,12421.0,,,2021-01-03,299725.0
671,UP,Hardoi,29546.0,66612.0,4091380.0,1852490.0,537647.0,594.0,221.0,,,,13755.0,349.0,13406.0,,,2021-01-30,224784.0
672,UP,Hathras,16507.0,25542.0,1565678.0,701190.0,234481.0,1.0,,,,,2920.0,43.0,2877.0,,,2021-01-31,260525.0
673,UP,Jalaun,14119.0,21614.0,1670718.0,819651.0,251406.0,30.0,18.0,2.0,3.0,,11687.0,202.0,11482.0,,,2021-01-10,221719.0
674,UP,Jaunpur,41689.0,67101.0,4476072.0,2189622.0,667013.0,3689.0,209.0,,,2.0,22584.0,235.0,22349.0,,,2021-01-20,322824.0
675,UP,Jhansi,10719.0,25914.0,2000755.0,1132511.0,379818.0,14.0,14.0,,1.0,,36556.0,663.0,35892.0,1.0,,2020-11-26,312540.0
676,UP,Kannauj,24440.0,44639.0,1658005.0,755119.0,257048.0,431.0,82.0,2.0,,,9231.0,114.0,9115.0,,,2021-01-10,124019.0
677,UP,Kanpur Dehat,27985.0,38783.0,1795092.0,923661.0,290898.0,85.0,47.0,,,,6197.0,110.0,6087.0,,,2021-01-10,344697.0
678,UP,Kanpur Nagar,64788.0,66517.0,4572951.0,2251558.0,859280.0,96.0,38.0,,3.0,1.0,82933.0,1905.0,81024.0,,,2021-01-10,685820.0
679,UP,Kasganj,8148.0,13675.0,1438156.0,608818.0,147948.0,29.0,51.0,,,,4250.0,53.0,4197.0,,,2021-01-31,271969.0
680,UP,Kaushambi,38263.0,28403.0,1596909.0,760960.0,218775.0,35.0,94.0,,1.0,,4424.0,70.0,4353.0,,,2021-01-14,207064.0
681,UP,Kushinagar,16785.0,46465.0,3560830.0,1632782.0,458054.0,585.0,211.0,,,,15617.0,228.0,15389.0,,,2021-01-30,314772.0
682,UP,Lakhimpur Kheri,46453.0,51586.0,4013634.0,1829019.0,382178.0,1370.0,1183.0,,1.0,,24410.0,292.0,24117.0,,,2021-01-30,368533.0
683,UP,Lalitpur,8010.0,13539.0,1218002.0,627553.0,143519.0,8.0,4.0,,1.0,,12742.0,128.0,12613.0,,,2020-08-07,21781.0
684,UP,Lucknow,69404.0,107763.0,4588455.0,3106658.0,1488333.0,11083.0,10826.0,15.0,10.0,10.0,238839.0,2651.0,236165.0,,,2020-12-13,1237583.0
685,UP,Maharajganj,20643.0,36312.0,2665292.0,1283534.0,372559.0,316.0,53.0,1.0,,,12440.0,140.0,12300.0,,,2021-01-31,334716.0
686,UP,Mahoba,4765.0,8960.0,876055.0,444352.0,148388.0,9.0,10.0,,,,4268.0,86.0,4182.0,,,2021-01-10,142992.0
687,UP,Mainpuri,31507.0,37443.0,1847194.0,860461.0,219990.0,1354.0,647.0,,,,10028.0,182.0,9846.0,,,2021-01-31,228496.0
688,UP,Mathura,10807.0,23027.0,2541894.0,1207578.0,418117.0,164.0,63.0,,1.0,1.0,20297.0,402.0,19893.0,,,2021-01-29,198379.0
689,UP,Mau,25202.0,32390.0,2205170.0,1017497.0,307052.0,453.0,787.0,,1.0,1.0,8333.0,80.0,8252.0,,,2021-01-31,281445.0
690,UP,Meerut,25100.0,57600.0,3447405.0,1764744.0,842448.0,79.0,25.0,5.0,13.0,3.0,69480.0,898.0,68567.0,1.0,,2021-01-31,798404.0
691,UP,Mirzapur,24968.0,41785.0,2494533.0,1335308.0,462157.0,419.0,787.0,,,1.0,11088.0,116.0,10972.0,,1.0,2021-01-31,312764.0
692,UP,Moradabad,52013.0,39070.0,4773138.0,1390249.0,443211.0,2357.0,3951.0,,,1.0,39102.0,349.0,38752.0,,1.0,2021-01-13,400459.0
693,UP,Muzaffarnagar,15476.0,38924.0,4138605.0,1264005.0,467387.0,707.0,979.0,1.0,1.0,,31009.0,269.0,30737.0,,,2021-01-25,161704.0
694,UP,Pilibhit,9611.0,17989.0,2037225.0,978332.0,256931.0,1.0,2.0,1.0,,,11032.0,193.0,10838.0,,,2021-01-13,291538.0
695,UP,Pratapgarh,40603.0,47832.0,3173752.0,1480021.0,456869.0,1482.0,1796.0,1.0,,,16038.0,163.0,15875.0,,,2021-01-14,100500.0
696,UP,Prayagraj,75719.0,79660.0,5959798.0,2731341.0,862244.0,48.0,17.0,2.0,1.0,6.0,78699.0,1088.0,77609.0,,1.0,2021-01-14,729300.0
697,UP,Rae Bareli,33906.0,46996.0,3404004.0,1436175.0,344694.0,429.0,576.0,1.0,,,17104.0,343.0,16761.0,,,2021-01-30,387408.0
698,UP,Rampur,23526.0,28753.0,2335398.0,989666.0,250420.0,1.0,3.0,,2.0,,11826.0,148.0,11676.0,,,2021-01-16,274288.0
699,UP,Saharanpur,19216.0,33326.0,3464228.0,1638111.0,576986.0,17.0,6.0,1.0,,,32730.0,420.0,32309.0,,,2021-01-30,266387.0
700,UP,Sambhal,27630.0,23914.0,2217020.0,893786.0,204352.0,411.0,1708.0,,,,9438.0,106.0,9331.0,,,2021-01-13,309333.0
701,UP,Sant Kabir Nagar,44511.0,26920.0,1714300.0,799506.0,195105.0,202.0,82.0,,,,8159.0,98.0,8061.0,,,2021-01-31,292606.0
702,UP,Shahjahanpur,185421.0,79519.0,3002376.0,1743273.0,538827.0,969.0,3563.0,,,,20361.0,444.0,19916.0,,,2021-01-13,437195.0
703,UP,Shamli,12602.0,16389.0,1274815.0,604968.0,206438.0,14.0,24.0,,,,12976.0,45.0,12931.0,,,2021-01-31,246597.0
704,UP,Shrawasti,7342.0,17808.0,1114615.0,515155.0,181654.0,120.0,37.0,,,,4388.0,35.0,4353.0,,,2021-01-31,221566.0
705,UP,Siddharthnagar,18746.0,53973.0,2553526.0,1225133.0,479630.0,2209.0,250.0,1.0,,,9373.0,100.0,9273.0,,,2021-01-31,295047.0
706,UP,Sitapur,33825.0,52112.0,4474446.0,2139996.0,497241.0,197.0,81.0,,,,12398.0,185.0,12211.0,,,2021-01-28,289473.0
707,UP,Sonbhadra,21438.0,24430.0,1862612.0,812891.0,236871.0,157.0,200.0,,,,16807.0,251.0,16556.0,,,2021-01-31,306175.0
708,UP,Sultanpur,14962.0,31247.0,3790922.0,1178195.0,370998.0,18.0,2.0,,,,14915.0,138.0,14777.0,,,2021-01-31,309395.0
709,UP,Unnao,26506.0,41790.0,3110595.0,1554190.0,420513.0,948.0,201.0,,,,15011.0,254.0,14757.0,,,2021-01-10,298886.0
710,UP,Varanasi,38187.0,55104.0,3682194.0,2109381.0,843905.0,441.0,159.0,2.0,2.0,1.0,85501.0,971.0,84528.0,,,2021-01-31,595510.0
711,UT,Almora,729.0,10440.0,621927.0,378242.0,215715.0,416.0,37.0,,7.0,7.0,12190.0,196.0,11378.0,,,2021-01-30,84443.0
712,UT,Bageshwar,371.0,6323.0,259840.0,183447.0,131244.0,1286.0,75.0,,1.0,,5764.0,60.0,5678.0,,,2021-01-30,55626.0
713,UT,Chamoli,822.0,11652.0,391114.0,273850.0,191420.0,268.0,13.0,3.0,4.0,4.0,12242.0,62.0,11972.0,,,2021-01-30,90390.0
714,UT,Champawat,754.0,6007.0,259315.0,183354.0,119870.0,613.0,44.0,7.0,3.0,,7603.0,53.0,7358.0,1.0,,2021-01-30,95068.0
715,UT,Dehradun,5963.0,49795.0,1698560.0,1465464.0,793803.0,3611.0,308.0,28.0,30.0,24.0,112363.0,3521.0,108137.0,3.0,4.0,2021-01-30,401496.0
716,UT,Haridwar,3960.0,52191.0,1927029.0,1456257.0,635360.0,1907.0,224.0,5.0,10.0,8.0,51498.0,1019.0,49096.0,1.0,,2021-01-30,369542.0
717,UT,Nainital,2285.0,16850.0,955128.0,722854.0,398680.0,288.0,31.0,25.0,10.0,14.0,39232.0,944.0,38140.0,,3.0,2021-01-30,204422.0
718,UT,Pauri Garhwal,2116.0,14253.0,686527.0,431320.0,229262.0,108.0,25.0,7.0,3.0,5.0,17686.0,315.0,16668.0,,,2021-01-30,138878.0
719,UT,Pithoragarh,930.0,10608.0,485993.0,318644.0,183765.0,609.0,89.0,4.0,3.0,6.0,10260.0,181.0,9962.0,,1.0,2021-01-30,72686.0
720,UT,Rudraprayag,416.0,6212.0,236857.0,170911.0,113480.0,326.0,30.0,7.0,,3.0,8800.0,106.0,8535.0,,1.0,2021-01-30,52378.0
721,UT,Tehri Garhwal,2235.0,15658.0,616409.0,381493.0,206527.0,120.0,12.0,1.0,,,15835.0,108.0,14827.0,,,2021-01-30,105111.0
722,UT,Udham Singh Nagar,3588.0,48283.0,1648367.0,1277738.0,518326.0,3581.0,167.0,,,3.0,37875.0,761.0,36315.0,,,2021-01-30,337292.0
723,UT,Uttarkashi,1063.0,9910.0,329686.0,234425.0,160687.0,83.0,12.0,1.0,4.0,,12548.0,74.0,12129.0,,,2021-01-30,120026.0
724,WB,Alipurduar,38488.0,29790.0,1700000.0,949775.0,353666.0,1298.0,579.0,26.0,31.0,35.0,15589.0,102.0,15441.0,4.0,5.0,,
725,WB,Bankura,220390.0,76120.0,3596292.0,2245147.0,706177.0,5692.0,38854.0,83.0,161.0,133.0,36313.0,274.0,35839.0,30.0,21.0,,
726,WB,Birbhum,99629.0,84919.0,3502387.0,2152966.0,846286.0,2868.0,6911.0,51.0,176.0,102.0,41197.0,286.0,40727.0,20.0,20.0,,
727,WB,Cooch Behar,122592.0,26214.0,2822780.0,1444232.0,421663.0,395.0,3386.0,82.0,77.0,93.0,29275.0,97.0,29060.0,10.0,13.0,,
728,WB,Dakshin Dinajpur,53398.0,21657.0,1670931.0,1063493.0,363056.0,998.0,724.0,80.0,111.0,108.0,17889.0,170.0,17573.0,14.0,16.0,,
729,WB,Darjeeling,21148.0,69087.0,1842034.0,1324555.0,664306.0,1844.0,945.0,160.0,189.0,214.0,57143.0,539.0,56326.0,23.0,31.0,,
730,WB,Hooghly,274722.0,105570.0,5520389.0,3368156.0,1343978.0,9034.0,41006.0,358.0,472.0,497.0,86300.0,990.0,84650.0,58.0,74.0,,
731,WB,Howrah,207351.0,95203.0,4841638.0,2905925.0,1254076.0,4502.0,14299.0,344.0,518.0,473.0,98757.0,1524.0,96567.0,73.0,73.0,,
732,WB,Jalpaiguri,53967.0,63773.0,3869675.0,1144138.0,410719.0,3130.0,9642.0,110.0,102.0,120.0,41982.0,572.0,41256.0,16.0,17.0,,
733,WB,Jhargram,39020.0,19553.0,1136548.0,714456.0,211586.0,700.0,477.0,37.0,25.0,39.0,12135.0,27.0,12063.0,3.0,5.0,,
734,WB,Kalimpong,513.0,10626.0,251642.0,180713.0,124420.0,429.0,8.0,30.0,18.0,28.0,7036.0,54.0,6950.0,2.0,4.0,,
735,WB,Kolkata,36977.0,206020.0,4486679.0,4784084.0,3039486.0,1626.0,334.0,1044.0,1843.0,1553.0,322541.0,5152.0,315146.0,274.0,244.0,,
736,WB,Malda,227391.0,55976.0,3997970.0,2029144.0,590497.0,1771.0,2191.0,58.0,77.0,51.0,33406.0,186.0,33121.0,32.0,8.0,,
737,WB,Murshidabad,621102.0,86224.0,7102430.0,3952659.0,976111.0,1587.0,17667.0,31.0,48.0,40.0,33993.0,328.0,33605.0,5.0,8.0,,
738,WB,Nadia,251739.0,89327.0,5168488.0,2798942.0,884320.0,1863.0,15875.0,228.0,302.0,326.0,73333.0,859.0,72054.0,31.0,48.0,,
739,WB,North 24 Parganas,235852.0,241201.0,10082852.0,6547702.0,2720315.0,7658.0,5231.0,763.0,1066.0,961.0,329257.0,4833.0,323097.0,144.0,147.0,,
740,WB,Other State,,,,,,,,,,,66.0,3.0,63.0,,,,
741,WB,Paschim Bardhaman,94473.0,72103.0,2882031.0,1789611.0,677747.0,786.0,286.0,74.0,213.0,149.0,57778.0,356.0,57184.0,32.0,25.0,,
742,WB,Paschim Medinipur,270458.0,66132.0,5094238.0,2758576.0,877978.0,1457.0,6512.0,136.0,181.0,198.0,53581.0,507.0,52820.0,26.0,28.0,,
743,WB,Purba Bardhaman,260764.0,51741.0,4835532.0,2596246.0,859528.0,4002.0,17168.0,132.0,147.0,176.0,42005.0,198.0,41588.0,16.0,25.0,,
744,WB,Purba Medinipur,71724.0,144185.0,4417377.0,3560589.0,1471674.0,2226.0,5370.0,65.0,94.0,120.0,63098.0,397.0,62549.0,16.0,17.0,,
745,WB,Purulia,159111.0,40922.0,2927965.0,1679941.0,492310.0,1866.0,13266.0,9.0,17.0,21.0,19419.0,113.0,19283.0,2.0,3.0,,
746,WB,South 24 Parganas,310444.0,169231.0,8153176.0,4850898.0,1832073.0,3270.0,7086.0,267.0,542.0,470.0,100957.0,1336.0,98950.0,75.0,74.0,,
747,WB,Uttar Dinajpur,130243.0,44686.0,3000849.0,1341457.0,436182.0,,,25.0,43.0,46.0,19858.0,238.0,19559.0,8.0,7.0,,
